"","CU_Name","Year","Escape","SumRawEsc","EscAvg","GroupSum","Props","Present","PresentProps","inverse_prop","GroupCount","GroupEsc","ContrEsc","SiteEsc"
"1","1 - Southern Coastal Streams","1953",28328.2155699278,27075,5626.42356099452,780102.079463108,0.00721241964239707,1,0.00721241964239707,1,684477.987094516,684477.987094516,4936.74247890889,28328.2155699278
"2","1 - Southern Coastal Streams","1954",49646.3094660416,47450,5626.42356099452,780102.079463108,0.00721241964239707,1,0.00721241964239707,1,836340.712153488,836340.712153488,6032.04018007217,49646.3094660416
"3","1 - Southern Coastal Streams","1955",23600.0914859416,22600,5626.42356099452,780102.079463108,0.00721241964239707,1,0.00721241964239707,1,443412.813678345,443412.813678345,3198.07928706425,23600.0914859416
"4","1 - Southern Coastal Streams","1956",28482.5074104717,26325,5626.42356099452,780102.079463108,0.00721241964239707,1,0.00721241964239707,1,384062.74428176,384062.74428176,2770.02168077069,28482.5074104717
"5","1 - Southern Coastal Streams","1957",31056.5025844126,27350,5626.42356099452,780102.079463108,0.00721241964239707,1,0.00721241964239707,1,848899.801875,848899.801875,6122.62160547023,31056.5025844126
"6","1 - Southern Coastal Streams","1958",50018.5200257678,46025,5626.42356099452,780102.079463108,0.00721241964239707,1,0.00721241964239707,1,918228.847225489,918228.847225489,6622.65177394474,50018.5200257678
"7","1 - Southern Coastal Streams","1959",8704.21267541062,7575,5626.42356099452,780102.079463108,0.00721241964239707,1,0.00721241964239707,1,776860.131635461,776860.131635461,5603.04127280277,8704.21267541062
"8","1 - Southern Coastal Streams","1960",9644.45152978832,8275,5626.42356099452,780102.079463108,0.00721241964239707,1,0.00721241964239707,1,472709.018691882,472709.018691882,3409.37581155157,9644.45152978832
"9","1 - Southern Coastal Streams","1961",14971.2492002938,11150,5626.42356099452,780102.079463108,0.00721241964239707,1,0.00721241964239707,1,424697.536324068,424697.536324068,3063.09685306135,14971.2492002938
"10","1 - Southern Coastal Streams","1962",9775.60765907576,8375,5626.42356099452,780102.079463108,0.00721241964239707,1,0.00721241964239707,1,459426.841641979,459426.841641979,3313.57917690306,9775.60765907576
"11","1 - Southern Coastal Streams","1963",15158.2475465188,8700,5626.42356099452,780102.079463108,0.00721241964239707,1,0.00721241964239707,1,446352.79967946,446352.79967946,3219.28369984706,15158.2475465188
"12","1 - Southern Coastal Streams","1964",7295.22959632519,6250,5626.42356099452,780102.079463108,0.00721241964239707,1,0.00721241964239707,1,518642.947392619,518642.947392619,3740.67058116523,7295.22959632519
"13","1 - Southern Coastal Streams","1965",2063.80679880582,1725,5626.42356099452,780102.079463108,0.00721241964239707,1,0.00721241964239707,1,219029.175574292,219029.175574292,1579.73032817006,2063.80679880582
"14","1 - Southern Coastal Streams","1966",16043.4781993717,14025,5626.42356099452,780102.079463108,0.00721241964239707,1,0.00721241964239707,1,575151.043559676,575151.043559676,4148.23068391498,16043.4781993717
"15","1 - Southern Coastal Streams","1967",18198.2711467968,14750,5626.42356099452,780102.079463108,0.00721241964239707,1,0.00721241964239707,1,474661.820740503,474661.820740503,3423.46023940476,18198.2711467968
"16","1 - Southern Coastal Streams","1968",10714.6035229772,9100,5626.42356099452,780102.079463108,0.00721241964239707,1,0.00721241964239707,1,1060671.56000171,1060671.56000171,7650.00839348824,10714.6035229772
"17","1 - Southern Coastal Streams","1969",16136.7483503541,13000,5626.42356099452,780102.079463108,0.00721241964239707,1,0.00721241964239707,1,660305.597573245,660305.597573245,4762.40106192201,16136.7483503541
"18","1 - Southern Coastal Streams","1970",19670.5505836977,16275,5626.42356099452,780102.079463108,0.00721241964239707,1,0.00721241964239707,1,886112.196122204,886112.196122204,6391.01300867939,19670.5505836977
"19","1 - Southern Coastal Streams","1971",10191.9393823984,6525,5626.42356099452,780102.079463108,0.00721241964239707,1,0.00721241964239707,1,401814.753926276,401814.753926276,2898.05662382282,10191.9393823984
"20","1 - Southern Coastal Streams","1972",18655.4129775234,15775,5626.42356099452,780102.079463108,0.00721241964239707,1,0.00721241964239707,1,1422930.13577149,1422930.13577149,10262.769260997,18655.4129775234
"21","1 - Southern Coastal Streams","1973",47327.7932113415,41125,5626.42356099452,780102.079463108,0.00721241964239707,1,0.00721241964239707,1,1272726.29290556,1272726.29290556,9179.43611434727,47327.7932113415
"22","1 - Southern Coastal Streams","1974",26077.5497980194,22731,5626.42356099452,780102.079463108,0.00721241964239707,1,0.00721241964239707,1,843691.440778131,843691.440778131,6085.05671959048,26077.5497980194
"23","1 - Southern Coastal Streams","1975",14254.0102907093,12025,5626.42356099452,780102.079463108,0.00721241964239707,1,0.00721241964239707,1,494659.487909846,494659.487909846,3567.69180689905,14254.0102907093
"24","1 - Southern Coastal Streams","1976",19905.4613652631,16650,5626.42356099452,780102.079463108,0.00721241964239707,1,0.00721241964239707,1,552338.915913709,552338.915913709,3983.70004639634,19905.4613652631
"25","1 - Southern Coastal Streams","1977",48231.6962111768,40350,5626.42356099452,780102.079463108,0.00721241964239707,1,0.00721241964239707,1,903752.287982923,903752.287982923,6518.24075370933,48231.6962111768
"26","1 - Southern Coastal Streams","1978",41251.7967241875,34215,5626.42356099452,780102.079463108,0.00721241964239707,1,0.00721241964239707,1,1122072.69655225,1122072.69655225,8092.85915681091,41251.7967241875
"27","1 - Southern Coastal Streams","1979",5493.1630215539,3225,5626.42356099452,780102.079463108,0.00721241964239707,1,0.00721241964239707,1.00443199840286,490534.940809671,492708.990883885,3553.62400383657,5493.1630215539
"28","1 - Southern Coastal Streams","1980",6604.95834797146,5675,5626.42356099452,780102.079463108,0.00721241964239707,1,0.00721241964239707,1.00443199840286,1111089.80752732,1116014.15577971,8049.16241833879,6604.95834797146
"29","1 - Southern Coastal Streams","1981",15431.737030797,12860,5626.42356099452,780102.079463108,0.00721241964239707,1,0.00721241964239707,1,922101.010468904,922101.010468904,6650.57944018011,15431.737030797
"30","1 - Southern Coastal Streams","1982",18737.7102071928,16120,5626.42356099452,780102.079463108,0.00721241964239707,1,0.00721241964239707,1.00443199840286,1144872.32828854,1149946.40061899,8293.89600752822,18737.7102071928
"31","1 - Southern Coastal Streams","1983",10174.5408921275,8532,5626.42356099452,780102.079463108,0.00721241964239707,1,0.00721241964239707,1,867442.248487832,867442.248487832,6256.35751163872,10174.5408921275
"32","1 - Southern Coastal Streams","1984",14949.4958494564,12338,5626.42356099452,780102.079463108,0.00721241964239707,1,0.00721241964239707,1.00443199840286,1096471.73859735,1101331.29959159,7943.26349796109,14949.4958494564
"33","1 - Southern Coastal Streams","1985",12892.4365497637,11195,5626.42356099452,780102.079463108,0.00721241964239707,1,0.00721241964239707,1,1755825.71576726,1755825.71576726,12663.7518810257,12892.4365497637
"34","1 - Southern Coastal Streams","1986",3088.68983306178,2615,5626.42356099452,780102.079463108,0.00721241964239707,1,0.00721241964239707,1,1510419.08783803,1510419.08783803,10893.7762973745,3088.68983306178
"35","1 - Southern Coastal Streams","1987",4113.03056614109,3593,5626.42356099452,780102.079463108,0.00721241964239707,1,0.00721241964239707,1,968050.064452907,968050.064452907,6981.9832996839,4113.03056614109
"36","1 - Southern Coastal Streams","1988",16826.4523455398,14100,5626.42356099452,780102.079463108,0.00721241964239707,1,0.00721241964239707,1,1177514.00566802,1177514.00566802,8492.7251436777,16826.4523455398
"37","1 - Southern Coastal Streams","1989",3252.5257168934,2650,5626.42356099452,780102.079463108,0.00721241964239707,1,0.00721241964239707,1.00443199840286,491445.429418549,493623.514776823,3560.21993392544,3252.5257168934
"38","1 - Southern Coastal Streams","1990",1322.76036255161,200,5626.42356099452,780102.079463108,0.00721241964239707,1,0.00721241964239707,1,1067995.01628,1067995.01628,7702.82823340002,1322.76036255161
"39","1 - Southern Coastal Streams","1991",3751.27457475578,2424,5626.42356099452,780102.079463108,0.00721241964239707,1,0.00721241964239707,1.00443199840286,990888.192755514,995279.807643217,7178.37563432712,3751.27457475578
"40","1 - Southern Coastal Streams","1992",1209.26579250582,618,5626.42356099452,780102.079463108,0.00721241964239707,1,0.00721241964239707,1,1423637.54017307,1423637.54017307,10267.8713583981,1209.26579250582
"41","1 - Southern Coastal Streams","1993",3852.83819610875,1923,5626.42356099452,780102.079463108,0.00721241964239707,1,0.00721241964239707,1,1551635.247109,1551635.247109,11191.0445340846,3852.83819610875
"42","1 - Southern Coastal Streams","1994",7056.41528774501,2238,5626.42356099452,780102.079463108,0.00721241964239707,1,0.00721241964239707,1,1411282.37196083,1411282.37196083,10178.760700499,7056.41528774501
"43","1 - Southern Coastal Streams","1995",2615.7075775906,1407,5626.42356099452,780102.079463108,0.00721241964239707,1,0.00721241964239707,1,694817.345550759,694817.345550759,5011.31427092849,2615.7075775906
"44","1 - Southern Coastal Streams","1996",6818.04163040181,2630,5626.42356099452,780102.079463108,0.00721241964239707,1,0.00721241964239707,1.00443199840286,639436.083107352,642270.062806413,4632.32121670857,6818.04163040181
"45","1 - Southern Coastal Streams","1997",278.170087714455,75,5626.42356099452,780102.079463108,0.00721241964239707,1,0.00721241964239707,1,966952.804699591,966952.804699591,6974.06940188627,278.170087714455
"46","1 - Southern Coastal Streams","1998",5978.02336478049,2525,5626.42356099452,780102.079463108,0.00721241964239707,1,0.00721241964239707,1,1596216.9208507,1596216.9208507,11512.5862734701,5978.02336478049
"47","1 - Southern Coastal Streams","1999",237.560736347249,53,5626.42356099452,780102.079463108,0.00721241964239707,1,0.00721241964239707,1,623977.186740068,623977.186740068,4500.38531805173,237.560736347249
"48","1 - Southern Coastal Streams","2000",1425.15626008076,452,5626.42356099452,780102.079463108,0.00721241964239707,1,0.00721241964239707,1,561223.084230887,561223.084230887,4047.77639647351,1425.15626008076
"49","1 - Southern Coastal Streams","2001",1698.17276873765,816,5626.42356099452,780102.079463108,0.00721241964239707,1,0.00721241964239707,1,1649459.68663304,1649459.68663304,11896.5954432142,1698.17276873765
"50","1 - Southern Coastal Streams","2002",1860.38644288148,467,5626.42356099452,780102.079463108,0.00721241964239707,1,0.00721241964239707,1,1805883.28466057,1805883.28466057,13024.7880741624,1860.38644288148
"51","1 - Southern Coastal Streams","2003",625.688778342027,193,5626.42356099452,780102.079463108,0.00721241964239707,1,0.00721241964239707,1,1521635.27763018,1521635.27763018,10974.6721649442,625.688778342027
"52","1 - Southern Coastal Streams","2004",2692.98282173179,490,5626.42356099452,780102.079463108,0.00721241964239707,1,0.00721241964239707,1.00443199840286,2249861.9598919,2259833.3445048,16298.8664024503,2692.98282173179
"53","1 - Southern Coastal Streams","2005",1340.68691793371,338,5626.42356099452,780102.079463108,0.00721241964239707,1,0.00721241964239707,1.04048383746666,995360.27152331,1035656.27497643,7469.58766041176,1340.68691793371
"54","1 - Southern Coastal Streams","2006",5393.21577941589,1338,5626.42356099452,780102.079463108,0.00721241964239707,1,0.00721241964239707,1.04048383746666,840517.409811459,874544.78001816,6307.5839495588,5393.21577941589
"55","1 - Southern Coastal Streams","2007",148.880734469643,27,5626.42356099452,780102.079463108,0.00721241964239707,1,0.00721241964239707,1.00443199840286,1300033.52332974,1305795.2698288,9417.94345306241,148.880734469643
"56","1 - Southern Coastal Streams","2008",363.308768911301,144,5626.42356099452,780102.079463108,0.00721241964239707,1,0.00721241964239707,1.04048383746666,976997.277495729,1016549.87648323,7331.78429662397,363.308768911301
"57","1 - Southern Coastal Streams","2009",909.900040996091,243,5626.42356099452,780102.079463108,0.00721241964239707,1,0.00721241964239707,1.04048383746666,1275420.99928351,1327054.93572007,9571.27708492739,909.900040996091
"58","1 - Southern Coastal Streams","2010",590.886112482694,154,5626.42356099452,780102.079463108,0.00721241964239707,1,0.00721241964239707,1.04048383746666,572808.839719026,595998.339685675,4298.590131985,590.886112482694
"59","1 - Southern Coastal Streams","2011",4683.39647684439,269,5626.42356099452,780102.079463108,0.00721241964239707,1,0.00721241964239707,1.04048383746666,1199249.48462505,1247799.70584258,8999.65510819633,4683.39647684439
"60","1 - Southern Coastal Streams","2012",1272.67129885938,96,5626.42356099452,780102.079463108,0.00721241964239707,1,0.00721241964239707,1.04048383746666,1890606.15414104,1967145.14639874,14187.8762933323,1272.67129885938
"61","1 - Southern Coastal Streams","2013",4893.78909398824,385,5626.42356099452,780102.079463108,0.00721241964239707,1,0.00721241964239707,1.04048383746666,1905227.49249133,1982358.41263436,14297.6007535551,4893.78909398824
"62","1 - Southern Coastal Streams","2014",1699.28820820351,145,5626.42356099452,780102.079463108,0.00721241964239707,1,0.00721241964239707,1.04048383746666,849374.463190793,883760.400906937,6374.0508746739,1699.28820820351
"63","1 - Southern Coastal Streams","2015",4664.25315079309,398,5626.42356099452,780102.079463108,0.00721241964239707,1,0.00721241964239707,1.04048383746666,958481.08590784,997284.078404597,7192.83127613517,4664.25315079309
"64","1 - Southern Coastal Streams","2016",4983.79172325406,411,5626.42356099452,780102.079463108,0.00721241964239707,1,0.00721241964239707,1.04048383746666,2540244.86993532,2643083.73037528,19063.0290134588,4983.79172325406
"65","1 - Southern Coastal Streams","2017",1139.84530896808,94,5626.42356099452,780102.079463108,0.00721241964239707,1,0.00721241964239707,1.04048383746666,851149.675932267,885607.481072505,6387.37279194113,1139.84530896808
"66","1 - Southern Coastal Streams","2018",1756.03808885382,174,5626.42356099452,780102.079463108,0.00721241964239707,1,0.00721241964239707,1.04048383746666,676390.512439275,703773.396008854,5075.90906517075,1756.03808885382
"67","2 - North East Vancouver Island","1953",124581.426405169,111725,24388.5886270072,780102.079463108,0.031263329850104,1,0.031263329850104,1,684477.987094516,684477.987094516,21399.0610856711,124581.426405169
"68","2 - North East Vancouver Island","1954",96125.7407582641,95125,24388.5886270072,780102.079463108,0.031263329850104,1,0.031263329850104,1,836340.712153488,836340.712153488,26146.7955511254,96125.7407582641
"69","2 - North East Vancouver Island","1955",101405.163293862,98725,24388.5886270072,780102.079463108,0.031263329850104,1,0.031263329850104,1,443412.813678345,443412.813678345,13862.5610537888,101405.163293862
"70","2 - North East Vancouver Island","1956",56109.1380352443,55525,24388.5886270072,780102.079463108,0.031263329850104,1,0.031263329850104,1,384062.74428176,384062.74428176,12007.0802576168,56109.1380352443
"71","2 - North East Vancouver Island","1957",68139.5182786031,66400,24388.5886270072,780102.079463108,0.031263329850104,1,0.031263329850104,1,848899.801875,848899.801875,26539.4345157061,68139.5182786031
"72","2 - North East Vancouver Island","1958",82856.7169328129,82625,24388.5886270072,780102.079463108,0.031263329850104,1,0.031263329850104,1,918228.847225489,918228.847225489,28706.8913286912,82856.7169328129
"73","2 - North East Vancouver Island","1959",33646.4917871489,31425,24388.5886270072,780102.079463108,0.031263329850104,1,0.031263329850104,1,776860.131635461,776860.131635461,24287.2345427146,33646.4917871489
"74","2 - North East Vancouver Island","1960",57090.5432169989,51970,24388.5886270072,780102.079463108,0.031263329850104,1,0.031263329850104,1,472709.018691882,472709.018691882,14778.4579744833,57090.5432169989
"75","2 - North East Vancouver Island","1961",61443.579170653,59875,24388.5886270072,780102.079463108,0.031263329850104,1,0.031263329850104,1,424697.536324068,424697.536324068,13277.4591646259,61443.579170653
"76","2 - North East Vancouver Island","1962",29135.973505751,26350,24388.5886270072,780102.079463108,0.031263329850104,1,0.031263329850104,1,459426.841641979,459426.841641979,14363.2128922447,29135.973505751
"77","2 - North East Vancouver Island","1963",24087.7977415291,21275,24388.5886270072,780102.079463108,0.031263329850104,1,0.031263329850104,1,446352.79967946,446352.79967946,13954.4748058964,24087.7977415291
"78","2 - North East Vancouver Island","1964",34587.7011231494,32175,24388.5886270072,780102.079463108,0.031263329850104,1,0.031263329850104,1,518642.947392619,518642.947392619,16214.5055387656,34587.7011231494
"79","2 - North East Vancouver Island","1965",28551.5339879154,25800,24388.5886270072,780102.079463108,0.031263329850104,1,0.031263329850104,1,219029.175574292,219029.175574292,6847.58136277545,28551.5339879154
"80","2 - North East Vancouver Island","1966",47569.9514930207,44200,24388.5886270072,780102.079463108,0.031263329850104,1,0.031263329850104,1,575151.043559676,575151.043559676,17981.1367884377,47569.9514930207
"81","2 - North East Vancouver Island","1967",23236.1231447761,20375,24388.5886270072,780102.079463108,0.031263329850104,1,0.031263329850104,1,474661.820740503,474661.820740503,14839.5090690613,23236.1231447761
"82","2 - North East Vancouver Island","1968",84394.4543970702,73050,24388.5886270072,780102.079463108,0.031263329850104,1,0.031263329850104,1,1060671.56000171,1060671.56000171,33160.1248429577,84394.4543970702
"83","2 - North East Vancouver Island","1969",15242.5662251477,13400,24388.5886270072,780102.079463108,0.031263329850104,1,0.031263329850104,1,660305.597573245,660305.597573245,20643.3516988024,15242.5662251477
"84","2 - North East Vancouver Island","1970",26560.9301574874,25475,24388.5886270072,780102.079463108,0.031263329850104,1,0.031263329850104,1,886112.196122204,886112.196122204,27702.8178715685,26560.9301574874
"85","2 - North East Vancouver Island","1971",10451.0189219878,9000,24388.5886270072,780102.079463108,0.031263329850104,1,0.031263329850104,1,401814.753926276,401814.753926276,12562.0671906355,10451.0189219878
"86","2 - North East Vancouver Island","1972",30251.9051096195,27130,24388.5886270072,780102.079463108,0.031263329850104,1,0.031263329850104,1,1422930.13577149,1422930.13577149,44485.5341882775,30251.9051096195
"87","2 - North East Vancouver Island","1973",36624.8601562558,32500,24388.5886270072,780102.079463108,0.031263329850104,1,0.031263329850104,1,1272726.29290556,1272726.29290556,39789.6619040066,36624.8601562558
"88","2 - North East Vancouver Island","1974",10030.7692725323,8740,24388.5886270072,780102.079463108,0.031263329850104,1,0.031263329850104,1,843691.440778131,843691.440778131,26376.6038047562,10030.7692725323
"89","2 - North East Vancouver Island","1975",11422.0008520152,9845,24388.5886270072,780102.079463108,0.031263329850104,1,0.031263329850104,1,494659.487909846,494659.487909846,15464.7027340091,11422.0008520152
"90","2 - North East Vancouver Island","1976",8556.13016745093,7398,24388.5886270072,780102.079463108,0.031263329850104,1,0.031263329850104,1,552338.915913709,552338.915913709,17267.9537172591,8556.13016745093
"91","2 - North East Vancouver Island","1977",18962.2435402823,16180,24388.5886270072,780102.079463108,0.031263329850104,1,0.031263329850104,1,903752.287982923,903752.287982923,28254.3058819963,18962.2435402823
"92","2 - North East Vancouver Island","1978",21138.1855789063,17250,24388.5886270072,780102.079463108,0.031263329850104,1,0.031263329850104,1,1122072.69655225,1122072.69655225,35079.7288281087,21138.1855789063
"93","2 - North East Vancouver Island","1979",8905.84677251981,6700,24388.5886270072,780102.079463108,0.031263329850104,1,0.031263329850104,1.00443199840286,490534.940809671,492708.990883885,15403.7237021148,8905.84677251981
"94","2 - North East Vancouver Island","1980",19007.267885698,14525,24388.5886270072,780102.079463108,0.031263329850104,1,0.031263329850104,1.00443199840286,1111089.80752732,1116014.15577971,34890.3186695266,19007.267885698
"95","2 - North East Vancouver Island","1981",13640.6838910928,10000,24388.5886270072,780102.079463108,0.031263329850104,1,0.031263329850104,1,922101.010468904,922101.010468904,28827.9480454035,13640.6838910928
"96","2 - North East Vancouver Island","1982",73267.205089745,55120,24388.5886270072,780102.079463108,0.031263329850104,1,0.031263329850104,1.00443199840286,1144872.32828854,1149946.40061899,35951.1536324914,73267.205089745
"97","2 - North East Vancouver Island","1983",10186.1333862809,7950,24388.5886270072,780102.079463108,0.031263329850104,1,0.031263329850104,1,867442.248487832,867442.248487832,27119.133140391,10186.1333862809
"98","2 - North East Vancouver Island","1984",49405.1285336909,38375,24388.5886270072,780102.079463108,0.031263329850104,1,0.031263329850104,1.00443199840286,1096471.73859735,1101331.29959159,34431.2836933757,49405.1285336909
"99","2 - North East Vancouver Island","1985",85897.376607876,71040,24388.5886270072,780102.079463108,0.031263329850104,1,0.031263329850104,1,1755825.71576726,1755825.71576726,54892.9585113269,85897.376607876
"100","2 - North East Vancouver Island","1986",107702.780964078,91737,24388.5886270072,780102.079463108,0.031263329850104,1,0.031263329850104,1,1510419.08783803,1510419.08783803,47220.7301549737,107702.780964078
"101","2 - North East Vancouver Island","1987",19278.8680285109,15865,24388.5886270072,780102.079463108,0.031263329850104,1,0.031263329850104,1,968050.064452907,968050.064452907,30264.4684764057,19278.8680285109
"102","2 - North East Vancouver Island","1988",124398.813994369,101810,24388.5886270072,780102.079463108,0.031263329850104,1,0.031263329850104,1,1177514.00566802,1177514.00566802,36813.0087623166,124398.813994369
"103","2 - North East Vancouver Island","1989",31184.0677282134,24592,24388.5886270072,780102.079463108,0.031263329850104,1,0.031263329850104,1.00443199840286,491445.429418549,493623.514776823,15432.3147642355,31184.0677282134
"104","2 - North East Vancouver Island","1990",99385.9139620545,80290,24388.5886270072,780102.079463108,0.031263329850104,1,0.031263329850104,1,1067995.01628,1067995.01628,33389.0804722287,99385.9139620545
"105","2 - North East Vancouver Island","1991",95117.2652137753,75450,24388.5886270072,780102.079463108,0.031263329850104,1,0.031263329850104,1.00443199840286,990888.192755514,995279.807643217,31115.760919498,95117.2652137753
"106","2 - North East Vancouver Island","1992",153171.40152007,120375,24388.5886270072,780102.079463108,0.031263329850104,1,0.031263329850104,1,1423637.54017307,1423637.54017307,44507.6500054214,153171.40152007
"107","2 - North East Vancouver Island","1993",70843.7614091786,55675,24388.5886270072,780102.079463108,0.031263329850104,1,0.031263329850104,1,1551635.247109,1551635.247109,48509.2845374163,70843.7614091786
"108","2 - North East Vancouver Island","1994",102151.225050904,84150,24388.5886270072,780102.079463108,0.031263329850104,1,0.031263329850104,1,1411282.37196083,1411282.37196083,44121.3863062487,102151.225050904
"109","2 - North East Vancouver Island","1995",70136.8454492338,60975,24388.5886270072,780102.079463108,0.031263329850104,1,0.031263329850104,1,694817.345550759,694817.345550759,21722.3038595271,70136.8454492338
"110","2 - North East Vancouver Island","1996",5043.51828009482,4041,24388.5886270072,780102.079463108,0.031263329850104,1,0.031263329850104,1.00443199840286,639436.083107352,642270.062806413,20079.5008263639,5043.51828009482
"111","2 - North East Vancouver Island","1997",76316.8095824258,72530,24388.5886270072,780102.079463108,0.031263329850104,1,0.031263329850104,1,966952.804699591,966952.804699591,30230.1644828065,76316.8095824258
"112","2 - North East Vancouver Island","1998",173056.792080911,148205,24388.5886270072,780102.079463108,0.031263329850104,1,0.031263329850104,1,1596216.9208507,1596216.9208507,49903.0561088727,173056.792080911
"113","2 - North East Vancouver Island","1999",2839.47774377588,2200,24388.5886270072,780102.079463108,0.031263329850104,1,0.031263329850104,1,623977.186740068,623977.186740068,19507.6046079947,2839.47774377588
"114","2 - North East Vancouver Island","2000",3351.17561135433,2580,24388.5886270072,780102.079463108,0.031263329850104,1,0.031263329850104,1,561223.084230887,561223.084230887,17545.7024018029,3351.17561135433
"115","2 - North East Vancouver Island","2001",80698.8528289204,65855,24388.5886270072,780102.079463108,0.031263329850104,1,0.031263329850104,1,1649459.68663304,1649459.68663304,51567.6022576579,80698.8528289204
"116","2 - North East Vancouver Island","2002",209660.65704614,176413,24388.5886270072,780102.079463108,0.031263329850104,1,0.031263329850104,1,1805883.28466057,1805883.28466057,56457.9247991326,209660.65704614
"117","2 - North East Vancouver Island","2003",18648.3795505806,1501,24388.5886270072,780102.079463108,0.031263329850104,1,0.031263329850104,1,1521635.27763018,1521635.27763018,47571.3855961068,18648.3795505806
"118","2 - North East Vancouver Island","2004",1879.32348768506,1529,24388.5886270072,780102.079463108,0.031263329850104,1,0.031263329850104,1.00443199840286,2249861.9598919,2259833.3445048,70649.9152555171,1879.32348768506
"119","2 - North East Vancouver Island","2005",55158.9492348802,45800,24388.5886270072,780102.079463108,0.031263329850104,1,0.031263329850104,1.04048383746666,995360.27152331,1035656.27497643,32378.063735918,55158.9492348802
"120","2 - North East Vancouver Island","2006",54845.0850604394,44013,24388.5886270072,780102.079463108,0.031263329850104,1,0.031263329850104,1.04048383746666,840517.409811459,874544.78001816,27341.1819263944,54845.0850604394
"121","2 - North East Vancouver Island","2007",12234.1995968724,849,24388.5886270072,780102.079463108,0.031263329850104,1,0.031263329850104,1.00443199840286,1300033.52332974,1305795.2698288,40823.5082373633,12234.1995968724
"122","2 - North East Vancouver Island","2008",9111.56390070964,7312,24388.5886270072,780102.079463108,0.031263329850104,1,0.031263329850104,1.04048383746666,976997.277495729,1016549.87648323,31780.7340975777,9111.56390070964
"123","2 - North East Vancouver Island","2009",3314.35432957184,2752,24388.5886270072,780102.079463108,0.031263329850104,1,0.031263329850104,1.04048383746666,1275420.99928351,1327054.93572007,41488.156184625,3314.35432957184
"124","2 - North East Vancouver Island","2010",22375.1697758674,17956,24388.5886270072,780102.079463108,0.031263329850104,1,0.031263329850104,1.04048383746666,572808.839719026,595998.339685675,18632.8926837076,22375.1697758674
"125","2 - North East Vancouver Island","2011",62273.3975678066,3125,24388.5886270072,780102.079463108,0.031263329850104,1,0.031263329850104,1.04048383746666,1199249.48462505,1247799.70584258,39010.3737906194,62273.3975678066
"126","2 - North East Vancouver Island","2012",15815.7143023912,1273,24388.5886270072,780102.079463108,0.031263329850104,1,0.031263329850104,1.04048383746666,1890606.15414104,1967145.14639874,61499.507574895,15815.7143023912
"127","2 - North East Vancouver Island","2013",11703.3801043617,942,24388.5886270072,780102.079463108,0.031263329850104,1,0.031263329850104,1.04048383746666,1905227.49249133,1982358.41263436,61975.1249353165,11703.3801043617
"128","2 - North East Vancouver Island","2014",4832.57787775845,152,24388.5886270072,780102.079463108,0.031263329850104,1,0.031263329850104,1.04048383746666,849374.463190793,883760.400906937,27629.2929220137,4832.57787775845
"129","2 - North East Vancouver Island","2015",770.383512027759,589,24388.5886270072,780102.079463108,0.031263329850104,1,0.031263329850104,1.04048383746666,958481.08590784,997284.078404597,31178.4210974199,770.383512027759
"130","2 - North East Vancouver Island","2016",1813.3442703955,1371,24388.5886270072,780102.079463108,0.031263329850104,1,0.031263329850104,1.04048383746666,2540244.86993532,2643083.73037528,82631.5984841658,1813.3442703955
"131","2 - North East Vancouver Island","2017",420.617223197593,325,24388.5886270072,780102.079463108,0.031263329850104,1,0.031263329850104,1.04048383746666,851149.675932267,885607.481072505,27687.0387984895,420.617223197593
"132","2 - North East Vancouver Island","2018",497.596256287951,390,24388.5886270072,780102.079463108,0.031263329850104,1,0.031263329850104,1.04048383746666,676390.512439275,703773.396008854,22002.2998191527,497.596256287951
"133","3 - Upper Knight","1953",17250,17250,3442.15554238016,780102.079463108,0.00441244246490044,1,0.00441244246490044,1,684477.987094516,684477.987094516,3020.21973654542,17250
"134","3 - Upper Knight","1954",6500,6500,3442.15554238016,780102.079463108,0.00441244246490044,1,0.00441244246490044,1,836340.712153488,836340.712153488,3690.30527343113,6500
"135","3 - Upper Knight","1955",4650,4650,3442.15554238016,780102.079463108,0.00441244246490044,1,0.00441244246490044,1,443412.813678345,443412.813678345,1956.53352855532,4650
"136","3 - Upper Knight","1956",18000,18000,3442.15554238016,780102.079463108,0.00441244246490044,1,0.00441244246490044,1,384062.74428176,384062.74428176,1694.65476205504,18000
"137","3 - Upper Knight","1957",38900,38900,3442.15554238016,780102.079463108,0.00441244246490044,1,0.00441244246490044,1,848899.801875,848899.801875,3745.72153423882,38900
"138","3 - Upper Knight","1958",40000,40000,3442.15554238016,780102.079463108,0.00441244246490044,1,0.00441244246490044,1,918228.847225489,918228.847225489,4051.63195799433,40000
"139","3 - Upper Knight","1959",20000,20000,3442.15554238016,780102.079463108,0.00441244246490044,1,0.00441244246490044,1,776860.131635461,776860.131635461,3427.85063411646,20000
"140","3 - Upper Knight","1960",19250,19250,3442.15554238016,780102.079463108,0.00441244246490044,1,0.00441244246490044,1,472709.018691882,472709.018691882,2085.80134761748,19250
"141","3 - Upper Knight","1961",42000,42000,3442.15554238016,780102.079463108,0.00441244246490044,1,0.00441244246490044,1,424697.536324068,424697.536324068,1873.95344401492,42000
"142","3 - Upper Knight","1962",16500,16500,3442.15554238016,780102.079463108,0.00441244246490044,1,0.00441244246490044,1,459426.841641979,459426.841641979,2027.19450557616,16500
"143","3 - Upper Knight","1963",9750,9750,3442.15554238016,780102.079463108,0.00441244246490044,1,0.00441244246490044,1,446352.79967946,446352.79967946,1969.50604763285,9750
"144","3 - Upper Knight","1964",16500,16500,3442.15554238016,780102.079463108,0.00441244246490044,1,0.00441244246490044,1,518642.947392619,518642.947392619,2288.48216519632,16500
"145","3 - Upper Knight","1965",2275,2275,3442.15554238016,780102.079463108,0.00441244246490044,1,0.00441244246490044,1,219029.175574292,219029.175574292,966.453635356143,2275
"146","3 - Upper Knight","1966",4342.34035400659,3900,3442.15554238016,780102.079463108,0.00441244246490044,1,0.00441244246490044,1,575151.043559676,575151.043559676,2537.82088833452,4342.34035400659
"147","3 - Upper Knight","1967",998.240048114959,775,3442.15554238016,780102.079463108,0.00441244246490044,1,0.00441244246490044,1,474661.820740503,474661.820740503,2094.41797430236,998.240048114959
"148","3 - Upper Knight","1968",1350,1350,3442.15554238016,780102.079463108,0.00441244246490044,1,0.00441244246490044,1,1060671.56000171,1060671.56000171,4680.15223266372,1350
"149","3 - Upper Knight","1969",128.805167498704,100,3442.15554238016,780102.079463108,0.00441244246490044,1,0.00441244246490044,1,660305.597573245,660305.597573245,2913.56045854365,128.805167498704
"150","3 - Upper Knight","1970",11119.3549385062,7500,3442.15554238016,780102.079463108,0.00441244246490044,1,0.00441244246490044,1,886112.196122204,886112.196122204,3909.9190828358,11119.3549385062
"151","3 - Upper Knight","1971",1111.93549385062,750,3442.15554238016,780102.079463108,0.00441244246490044,1,0.00441244246490044,1,401814.753926276,401814.753926276,1772.98448324782,1111.93549385062
"152","3 - Upper Knight","1972",39804.7865783938,35750,3442.15554238016,780102.079463108,0.00441244246490044,1,0.00441244246490044,1,1422930.13577149,1422930.13577149,6278.59735566469,39804.7865783938
"153","3 - Upper Knight","1973",34237.6835604366,30750,3442.15554238016,780102.079463108,0.00441244246490044,1,0.00441244246490044,1,1272726.29290556,1272726.29290556,5615.83154101181,34237.6835604366
"154","3 - Upper Knight","1974",9185.71997962933,8250,3442.15554238016,780102.079463108,0.00441244246490044,1,0.00441244246490044,1,843691.440778131,843691.440778131,3722.73994056246,9185.71997962933
"155","3 - Upper Knight","1975",7775,7775,3442.15554238016,780102.079463108,0.00441244246490044,1,0.00441244246490044,1,494659.487909846,494659.487909846,2182.65653011931,7775
"156","3 - Upper Knight","1976",20600,20600,3442.15554238016,780102.079463108,0.00441244246490044,1,0.00441244246490044,1,552338.915913709,552338.915913709,2437.16368759472,20600
"157","3 - Upper Knight","1977",1180,1180,3442.15554238016,780102.079463108,0.00441244246490044,1,0.00441244246490044,1,903752.287982923,903752.287982923,3987.75497324678,1180
"158","3 - Upper Knight","1978",8895.48395080496,6000,3442.15554238016,780102.079463108,0.00441244246490044,1,0.00441244246490044,1,1122072.69655225,1122072.69655225,4951.0812149725,8895.48395080496
"159","3 - Upper Knight","1979",NA,0,3442.15554238016,780102.079463108,0.00441244246490044,0,0,1.00443199840286,490534.940809671,492708.990883885,2174.0500742143,2174.0500742143
"160","3 - Upper Knight","1980",NA,0,3442.15554238016,780102.079463108,0.00441244246490044,0,0,1.00443199840286,1111089.80752732,1116014.15577971,4924.34825239243,4924.34825239243
"161","3 - Upper Knight","1981",444.774197540248,300,3442.15554238016,780102.079463108,0.00441244246490044,1,0.00441244246490044,1,922101.010468904,922101.010468904,4068.7176555206,444.774197540248
"162","3 - Upper Knight","1982",NA,0,3442.15554238016,780102.079463108,0.00441244246490044,0,0,1.00443199840286,1144872.32828854,1149946.40061899,5074.07233045065,5074.07233045065
"163","3 - Upper Knight","1983",1037.80646092725,700,3442.15554238016,780102.079463108,0.00441244246490044,1,0.00441244246490044,1,867442.248487832,867442.248487832,3827.53901307643,1037.80646092725
"164","3 - Upper Knight","1984",NA,0,3442.15554238016,780102.079463108,0.00441244246490044,0,0,1.00443199840286,1096471.73859735,1101331.29959159,4859.56099424193,4859.56099424193
"165","3 - Upper Knight","1985",15.4566200998445,12,3442.15554238016,780102.079463108,0.00441244246490044,1,0.00441244246490044,1,1755825.71576726,1755825.71576726,7747.47994921569,15.4566200998445
"166","3 - Upper Knight","1986",5890.04414542999,600,3442.15554238016,780102.079463108,0.00441244246490044,1,0.00441244246490044,1,1510419.08783803,1510419.08783803,6664.63732297273,5890.04414542999
"167","3 - Upper Knight","1987",3435.85908483416,350,3442.15554238016,780102.079463108,0.00441244246490044,1,0.00441244246490044,1,968050.064452907,968050.064452907,4271.46521254162,3435.85908483416
"168","3 - Upper Knight","1988",2945.022072715,300,3442.15554238016,780102.079463108,0.00441244246490044,1,0.00441244246490044,1,1177514.00566802,1177514.00566802,5195.7128016246,2945.022072715
"169","3 - Upper Knight","1989",NA,0,3442.15554238016,780102.079463108,0.00441244246490044,0,0,1.00443199840286,491445.429418549,493623.514776823,2178.08535827467,2178.08535827467
"170","3 - Upper Knight","1990",2699.60356665541,275,3442.15554238016,780102.079463108,0.00441244246490044,1,0.00441244246490044,1,1067995.01628,1067995.01628,4712.46656213589,2699.60356665541
"171","3 - Upper Knight","1991",NA,0,3442.15554238016,780102.079463108,0.00441244246490044,0,0,1.00443199840286,990888.192755514,995279.807643217,4391.61488770288,4391.61488770288
"172","3 - Upper Knight","1992",148.258065846749,100,3442.15554238016,780102.079463108,0.00441244246490044,1,0.00441244246490044,1,1423637.54017307,1423637.54017307,6281.71873688606,148.258065846749
"173","3 - Upper Knight","1993",1114.90065516755,752,3442.15554238016,780102.079463108,0.00441244246490044,1,0.00441244246490044,1,1551635.247109,1551635.247109,6846.50125438004,1114.90065516755
"174","3 - Upper Knight","1994",148.258065846749,100,3442.15554238016,780102.079463108,0.00441244246490044,1,0.00441244246490044,1,1411282.37196083,1411282.37196083,6227.2022680054,148.258065846749
"175","3 - Upper Knight","1995",237.212905354799,160,3442.15554238016,780102.079463108,0.00441244246490044,1,0.00441244246490044,1,694817.345550759,694817.345550759,3065.84156085757,237.212905354799
"176","3 - Upper Knight","1996",NA,0,3442.15554238016,780102.079463108,0.00441244246490044,0,0,1.00443199840286,639436.083107352,642270.062806413,2833.97969906129,2833.97969906129
"177","3 - Upper Knight","1997",2223.87098770124,1500,3442.15554238016,780102.079463108,0.00441244246490044,1,0.00441244246490044,1,966952.804699591,966952.804699591,4266.62361701106,2223.87098770124
"178","3 - Upper Knight","1998",14148.2672237553,9543,3442.15554238016,780102.079463108,0.00441244246490044,1,0.00441244246490044,1,1596216.9208507,1596216.9208507,7043.21532475424,14148.2672237553
"179","3 - Upper Knight","1999",131.949678603607,89,3442.15554238016,780102.079463108,0.00441244246490044,1,0.00441244246490044,1,623977.186740068,623977.186740068,2753.26343590099,131.949678603607
"180","3 - Upper Knight","2000",3716.82971077801,2507,3442.15554238016,780102.079463108,0.00441244246490044,1,0.00441244246490044,1,561223.084230887,561223.084230887,2476.36456914276,3716.82971077801
"181","3 - Upper Knight","2001",515.938069146688,348,3442.15554238016,780102.079463108,0.00441244246490044,1,0.00441244246490044,1,1649459.68663304,1649459.68663304,7278.14596544099,515.938069146688
"182","3 - Upper Knight","2002",3706.45164616873,2500,3442.15554238016,780102.079463108,0.00441244246490044,1,0.00441244246490044,1,1805883.28466057,1805883.28466057,7968.35609189018,3706.45164616873
"183","3 - Upper Knight","2003",7578.95232608583,5112,3442.15554238016,780102.079463108,0.00441244246490044,1,0.00441244246490044,1,1521635.27763018,1521635.27763018,6714.12811510597,7578.95232608583
"184","3 - Upper Knight","2004",NA,0,3442.15554238016,780102.079463108,0.00441244246490044,0,0,1.00443199840286,2249861.9598919,2259833.3445048,9971.38461289095,9971.38461289095
"185","3 - Upper Knight","2005",NA,0,3442.15554238016,780102.079463108,0.00441244246490044,0,0,1.04048383746666,995360.27152331,1035656.27497643,4569.77372674659,4569.77372674659
"186","3 - Upper Knight","2006",NA,0,3442.15554238016,780102.079463108,0.00441244246490044,0,0,1.04048383746666,840517.409811459,874544.78001816,3858.87852480914,3858.87852480914
"187","3 - Upper Knight","2007",NA,0,3442.15554238016,780102.079463108,0.00441244246490044,0,0,1.00443199840286,1300033.52332974,1305795.2698288,5761.74649905872,5761.74649905872
"188","3 - Upper Knight","2008",NA,0,3442.15554238016,780102.079463108,0.00441244246490044,0,0,1.04048383746666,976997.277495729,1016549.87648323,4485.46784268391,4485.46784268391
"189","3 - Upper Knight","2009",NA,0,3442.15554238016,780102.079463108,0.00441244246490044,0,0,1.04048383746666,1275420.99928351,1327054.93572007,5855.55355162695,5855.55355162695
"190","3 - Upper Knight","2010",NA,0,3442.15554238016,780102.079463108,0.00441244246490044,0,0,1.04048383746666,572808.839719026,595998.339685675,2629.80838303923,2629.80838303923
"191","3 - Upper Knight","2011",NA,0,3442.15554238016,780102.079463108,0.00441244246490044,0,0,1.04048383746666,1199249.48462505,1247799.70584258,5505.84440975009,5505.84440975009
"192","3 - Upper Knight","2012",NA,0,3442.15554238016,780102.079463108,0.00441244246490044,0,0,1.04048383746666,1890606.15414104,1967145.14639874,8679.9147785926,8679.9147785926
"193","3 - Upper Knight","2013",NA,0,3442.15554238016,780102.079463108,0.00441244246490044,0,0,1.04048383746666,1905227.49249133,1982358.41263436,8747.04244056047,8747.04244056047
"194","3 - Upper Knight","2014",NA,0,3442.15554238016,780102.079463108,0.00441244246490044,0,0,1.04048383746666,849374.463190793,883760.400906937,3899.54192175921,3899.54192175921
"195","3 - Upper Knight","2015",NA,0,3442.15554238016,780102.079463108,0.00441244246490044,0,0,1.04048383746666,958481.08590784,997284.078404597,4400.45861712154,4400.45861712154
"196","3 - Upper Knight","2016",NA,0,3442.15554238016,780102.079463108,0.00441244246490044,0,0,1.04048383746666,2540244.86993532,2643083.73037528,11662.4548901954,11662.4548901954
"197","3 - Upper Knight","2017",NA,0,3442.15554238016,780102.079463108,0.00441244246490044,0,0,1.04048383746666,851149.675932267,885607.481072505,3907.69205671784,3907.69205671784
"198","3 - Upper Knight","2018",NA,0,3442.15554238016,780102.079463108,0.00441244246490044,0,0,1.04048383746666,676390.512439275,703773.396008854,3105.35961821666,3105.35961821666
"199","4 - Loughborough","1953",26635.362716456,25000,25183.8361269309,780102.079463108,0.0322827445150041,1,0.0322827445150041,1,684477.987094516,684477.987094516,22096.8279835165,26635.362716456
"200","4 - Loughborough","1954",33399.9725751493,33025,25183.8361269309,780102.079463108,0.0322827445150041,1,0.0322827445150041,1,836340.712153488,836340.712153488,26999.3735379476,33399.9725751493
"201","4 - Loughborough","1955",10664.2965610232,10300,25183.8361269309,780102.079463108,0.0322827445150041,1,0.0322827445150041,1,443412.813678345,443412.813678345,14314.5825786571,10664.2965610232
"202","4 - Loughborough","1956",14990.6966860194,14800,25183.8361269309,780102.079463108,0.0322827445150041,1,0.0322827445150041,1,384062.74428176,384062.74428176,12398.5994513794,14990.6966860194
"203","4 - Loughborough","1957",56670.6990505417,54475,25183.8361269309,780102.079463108,0.0322827445150041,1,0.0322827445150041,1,848899.801875,848899.801875,27404.8154227682,56670.6990505417
"204","4 - Loughborough","1958",38411.5130751832,37600,25183.8361269309,780102.079463108,0.0322827445150041,1,0.0322827445150041,1,918228.847225489,918228.847225489,29642.9472812872,38411.5130751832
"205","4 - Loughborough","1959",23961.3105578261,22200,25183.8361269309,780102.079463108,0.0322827445150041,1,0.0322827445150041,1,776860.131635461,776860.131635461,25079.17715348,23961.3105578261
"206","4 - Loughborough","1960",8602.43167949806,8050,25183.8361269309,780102.079463108,0.0322827445150041,1,0.0322827445150041,1,472709.018691882,472709.018691882,15260.3444803683,8602.43167949806
"207","4 - Loughborough","1961",24633.2287664013,23550,25183.8361269309,780102.079463108,0.0322827445150041,1,0.0322827445150041,1,424697.536324068,424697.536324068,13710.4020613015,24633.2287664013
"208","4 - Loughborough","1962",20694.7609473185,19825,25183.8361269309,780102.079463108,0.0322827445150041,1,0.0322827445150041,1,459426.841641979,459426.841641979,14831.5593520632,20694.7609473185
"209","4 - Loughborough","1963",64272.1070612348,56925,25183.8361269309,780102.079463108,0.0322827445150041,1,0.0322827445150041,1,446352.79967946,446352.79967946,14409.4933956088,64272.1070612348
"210","4 - Loughborough","1964",114507.747667995,110950,25183.8361269309,780102.079463108,0.0322827445150041,1,0.0322827445150041,1,518642.947392619,518642.947392619,16743.2177651846,114507.747667995
"211","4 - Loughborough","1965",5522.15534781111,5025,25183.8361269309,780102.079463108,0.0322827445150041,1,0.0322827445150041,1,219029.175574292,219029.175574292,7070.86291639685,5522.15534781111
"212","4 - Loughborough","1966",32380.9841239598,30600,25183.8361269309,780102.079463108,0.0322827445150041,1,0.0322827445150041,1,575151.043559676,575151.043559676,18567.454196775,32380.9841239598
"213","4 - Loughborough","1967",68290.1724085368,59550,25183.8361269309,780102.079463108,0.0322827445150041,1,0.0322827445150041,1,474661.820740503,474661.820740503,15323.3862899923,68290.1724085368
"214","4 - Loughborough","1968",92450.3978143713,80500,25183.8361269309,780102.079463108,0.0322827445150041,1,0.0322827445150041,1,1060671.56000171,1060671.56000171,34241.3889858659,92450.3978143713
"215","4 - Loughborough","1969",24100.1202822421,22175,25183.8361269309,780102.079463108,0.0322827445150041,1,0.0322827445150041,1,660305.597573245,660305.597573245,21316.4769082842,24100.1202822421
"216","4 - Loughborough","1970",157625.305873248,142100,25183.8361269309,780102.079463108,0.0322827445150041,1,0.0322827445150041,1,886112.196122204,886112.196122204,28606.1336390423,157625.305873248
"217","4 - Loughborough","1971",20067.1376972885,18525,25183.8361269309,780102.079463108,0.0322827445150041,1,0.0322827445150041,1,401814.753926276,401814.753926276,12971.6830433612,20067.1376972885
"218","4 - Loughborough","1972",83725.2774402921,76700,25183.8361269309,780102.079463108,0.0322827445150041,1,0.0322827445150041,1,1422930.13577149,1422930.13577149,45936.0900358112,83725.2774402921
"219","4 - Loughborough","1973",132054.837474505,121525,25183.8361269309,780102.079463108,0.0322827445150041,1,0.0322827445150041,1,1272726.29290556,1272726.29290556,41087.0977513985,132054.837474505
"220","4 - Loughborough","1974",32498.6022432919,30150,25183.8361269309,780102.079463108,0.0322827445150041,1,0.0322827445150041,1,843691.440778131,843691.440778131,27236.6752321361,32498.6022432919
"221","4 - Loughborough","1975",21104.7774042011,19400,25183.8361269309,780102.079463108,0.0322827445150041,1,0.0322827445150041,1,494659.487909846,494659.487909846,15968.9658701163,21104.7774042011
"222","4 - Loughborough","1976",16620.8709920912,15450,25183.8361269309,780102.079463108,0.0322827445150041,1,0.0322827445150041,1,552338.915913709,552338.915913709,17831.0161081366,16620.8709920912
"223","4 - Loughborough","1977",34891.215903238,32700,25183.8361269309,780102.079463108,0.0322827445150041,1,0.0322827445150041,1,903752.287982923,903752.287982923,29175.6042178031,34891.215903238
"224","4 - Loughborough","1978",20789.5360467419,19325,25183.8361269309,780102.079463108,0.0322827445150041,1,0.0322827445150041,1,1122072.69655225,1122072.69655225,36223.586190058,20789.5360467419
"225","4 - Loughborough","1979",13263.2628907687,12375,25183.8361269309,780102.079463108,0.0322827445150041,1,0.0322827445150041,1.00443199840286,490534.940809671,492708.990883885,15905.9984729499,13263.2628907687
"226","4 - Loughborough","1980",17349.8717201202,16200,25183.8361269309,780102.079463108,0.0322827445150041,1,0.0322827445150041,1.00443199840286,1111089.80752732,1116014.15577971,36027.9998661645,17349.8717201202
"227","4 - Loughborough","1981",22924.7076180067,19004,25183.8361269309,780102.079463108,0.0322827445150041,1,0.0322827445150041,1,922101.010468904,922101.010468904,29767.9513379947,22924.7076180067
"228","4 - Loughborough","1982",50682.9017958,39490,25183.8361269309,780102.079463108,0.0322827445150041,1,0.0322827445150041,1.00443199840286,1144872.32828854,1149946.40061899,37123.4258571314,50682.9017958
"229","4 - Loughborough","1983",17121.0509026399,14600,25183.8361269309,780102.079463108,0.0322827445150041,1,0.0322827445150041,1,867442.248487832,867442.248487832,28003.4164894534,17121.0509026399
"230","4 - Loughborough","1984",22871.1371946005,18860,25183.8361269309,780102.079463108,0.0322827445150041,1,0.0322827445150041,1.00443199840286,1096471.73859735,1101331.29959159,35553.9969710928,22871.1371946005
"231","4 - Loughborough","1985",50848.857821773,45002,25183.8361269309,780102.079463108,0.0322827445150041,1,0.0322827445150041,1,1755825.71576726,1755825.71576726,56682.8729949887,50848.857821773
"232","4 - Loughborough","1986",40583.5475641957,36880,25183.8361269309,780102.079463108,0.0322827445150041,1,0.0322827445150041,1,1510419.08783803,1510419.08783803,48760.4735232608,40583.5475641957
"233","4 - Loughborough","1987",19398.3163104617,16883,25183.8361269309,780102.079463108,0.0322827445150041,1,0.0322827445150041,1,968050.064452907,968050.064452907,31251.3129084664,19398.3163104617
"234","4 - Loughborough","1988",92298.0703414284,85660,25183.8361269309,780102.079463108,0.0322827445150041,1,0.0322827445150041,1,1177514.00566802,1177514.00566802,38013.3838078198,92298.0703414284
"235","4 - Loughborough","1989",12645.9619158028,10915,25183.8361269309,780102.079463108,0.0322827445150041,1,0.0322827445150041,1.00443199840286,491445.429418549,493623.514776823,15935.5218141385,12645.9619158028
"236","4 - Loughborough","1990",106964.620948002,62281,25183.8361269309,780102.079463108,0.0322827445150041,1,0.0322827445150041,1,1067995.01628,1067995.01628,34477.8102538647,106964.620948002
"237","4 - Loughborough","1991",15746.0223977288,13541,25183.8361269309,780102.079463108,0.0322827445150041,1,0.0322827445150041,1.00443199840286,990888.192755514,995279.807643217,32130.3637510884,15746.0223977288
"238","4 - Loughborough","1992",38975.4398625167,30060,25183.8361269309,780102.079463108,0.0322827445150041,1,0.0322827445150041,1,1423637.54017307,1423637.54017307,45958.9269913761,38975.4398625167
"239","4 - Loughborough","1993",23772.7501455617,19679,25183.8361269309,780102.079463108,0.0322827445150041,1,0.0322827445150041,1,1551635.247109,1551635.247109,50091.0442628951,23772.7501455617
"240","4 - Loughborough","1994",17782.4387421578,14205,25183.8361269309,780102.079463108,0.0322827445150041,1,0.0322827445150041,1,1411282.37196083,1411282.37196083,45560.0682525405,17782.4387421578
"241","4 - Loughborough","1995",28622.269720242,13455,25183.8361269309,780102.079463108,0.0322827445150041,1,0.0322827445150041,1,694817.345550759,694817.345550759,22430.6108510085,28622.269720242
"242","4 - Loughborough","1996",15575.5816637416,6817,25183.8361269309,780102.079463108,0.0322827445150041,1,0.0322827445150041,1.00443199840286,639436.083107352,642270.062806413,20734.240347215,15575.5816637416
"243","4 - Loughborough","1997",8272.6117602733,6729,25183.8361269309,780102.079463108,0.0322827445150041,1,0.0322827445150041,1,966952.804699591,966952.804699591,31215.8903521835,8272.6117602733
"244","4 - Loughborough","1998",46359.3629991801,39242,25183.8361269309,780102.079463108,0.0322827445150041,1,0.0322827445150041,1,1596216.9208507,1596216.9208507,51530.2630463495,46359.3629991801
"245","4 - Loughborough","1999",7810.97116316691,6207,25183.8361269309,780102.079463108,0.0322827445150041,1,0.0322827445150041,1,623977.186740068,623977.186740068,20143.6961027206,7810.97116316691
"246","4 - Loughborough","2000",4850.01222913862,3646,25183.8361269309,780102.079463108,0.0322827445150041,1,0.0322827445150041,1,561223.084230887,561223.084230887,18117.8214441483,4850.01222913862
"247","4 - Loughborough","2001",49620.8886840128,33819,25183.8361269309,780102.079463108,0.0322827445150041,1,0.0322827445150041,1,1649459.68663304,1649459.68663304,53249.0856513731,49620.8886840128
"248","4 - Loughborough","2002",48422.8800077455,39032,25183.8361269309,780102.079463108,0.0322827445150041,1,0.0322827445150041,1,1805883.28466057,1805883.28466057,58298.8687026135,48422.8800077455
"249","4 - Loughborough","2003",14762.8824675049,11299,25183.8361269309,780102.079463108,0.0322827445150041,1,0.0322827445150041,1,1521635.27763018,1521635.27763018,49122.5629127523,14762.8824675049
"250","4 - Loughborough","2004",17933.1108727059,3172,25183.8361269309,780102.079463108,0.0322827445150041,1,0.0322827445150041,1.00443199840286,2249861.9598919,2259833.3445048,72953.6225071355,17933.1108727059
"251","4 - Loughborough","2005",18252.0698238902,2643,25183.8361269309,780102.079463108,0.0322827445150041,1,0.0322827445150041,1.04048383746666,995360.27152331,1035656.27497643,33433.8269304248,18252.0698238902
"252","4 - Loughborough","2006",11632.0065131524,4057,25183.8361269309,780102.079463108,0.0322827445150041,1,0.0322827445150041,1.04048383746666,840517.409811459,874544.78001816,28232.7057002567,11632.0065131524
"253","4 - Loughborough","2007",27377.7282371027,6769,25183.8361269309,780102.079463108,0.0322827445150041,1,0.0322827445150041,1.00443199840286,1300033.52332974,1305795.2698288,42154.6550847839,27377.7282371027
"254","4 - Loughborough","2008",23013.3728346626,4992,25183.8361269309,780102.079463108,0.0322827445150041,1,0.0322827445150041,1.04048383746666,976997.277495729,1016549.87648323,32817.0199492671,23013.3728346626
"255","4 - Loughborough","2009",40119.1852974993,29509,25183.8361269309,780102.079463108,0.0322827445150041,1,0.0322827445150041,1.04048383746666,1275420.99928351,1327054.93572007,42840.9754472261,40119.1852974993
"256","4 - Loughborough","2010",3758.28281818177,2961,25183.8361269309,780102.079463108,0.0322827445150041,1,0.0322827445150041,1.04048383746666,572808.839719026,595998.339685675,19240.4621314393,3758.28281818177
"257","4 - Loughborough","2011",71095.618246015,51822,25183.8361269309,780102.079463108,0.0322827445150041,1,0.0322827445150041,1.04048383746666,1199249.48462505,1247799.70584258,40282.3991096133,71095.618246015
"258","4 - Loughborough","2012",34445.3045225055,22962,25183.8361269309,780102.079463108,0.0322827445150041,1,0.0322827445150041,1.04048383746666,1890606.15414104,1967145.14639874,63504.8441851209,34445.3045225055
"259","4 - Loughborough","2013",18440.776766307,4584,25183.8361269309,780102.079463108,0.0322827445150041,1,0.0322827445150041,1.04048383746666,1905227.49249133,1982358.41263436,63995.970172244,18440.776766307
"260","4 - Loughborough","2014",10476.2420664529,2045,25183.8361269309,780102.079463108,0.0322827445150041,1,0.0322827445150041,1.04048383746666,849374.463190793,883760.400906937,28530.2112349562,10476.2420664529
"261","4 - Loughborough","2015",16801.6399360779,3038,25183.8361269309,780102.079463108,0.0322827445150041,1,0.0322827445150041,1.04048383746666,958481.08590784,997284.078404597,32195.0671120169,16801.6399360779
"262","4 - Loughborough","2016",19472.2332339919,3723,25183.8361269309,780102.079463108,0.0322827445150041,1,0.0322827445150041,1.04048383746666,2540244.86993532,2643083.73037528,85325.9967994692,19472.2332339919
"263","4 - Loughborough","2017",9463.72202527991,1609,25183.8361269309,780102.079463108,0.0322827445150041,1,0.0322827445150041,1.04048383746666,851149.675932267,885607.481072505,28589.84005204,9463.72202527991
"264","4 - Loughborough","2018",9569.59337174047,1627,25183.8361269309,780102.079463108,0.0322827445150041,1,0.0322827445150041,1.04048383746666,676390.512439275,703773.396008854,22719.7367398106,9569.59337174047
"265","5 - Bute Inlet","1953",25500,25500,26910.575230717,780102.079463108,0.0344962229164134,1,0.0344962229164134,1,684477.987094516,684477.987094516,23611.9052241903,25500
"266","5 - Bute Inlet","1954",18000,18000,26910.575230717,780102.079463108,0.0344962229164134,1,0.0344962229164134,1,836340.712153488,836340.712153488,28850.5956405186,18000
"267","5 - Bute Inlet","1955",7950,7950,26910.575230717,780102.079463108,0.0344962229164134,1,0.0344962229164134,1,443412.813678345,443412.813678345,15296.0672646423,7950
"268","5 - Bute Inlet","1956",4850,4850,26910.575230717,780102.079463108,0.0344962229164134,1,0.0344962229164134,1,384062.74428176,384062.74428176,13248.7140406331,4850
"269","5 - Bute Inlet","1957",89500,89500,26910.575230717,780102.079463108,0.0344962229164134,1,0.0344962229164134,1,848899.801875,848899.801875,29283.8367991792,89500
"270","5 - Bute Inlet","1958",20750,20750,26910.575230717,780102.079463108,0.0344962229164134,1,0.0344962229164134,1,918228.847225489,918228.847225489,31675.4270021718,20750
"271","5 - Bute Inlet","1959",16150,16150,26910.575230717,780102.079463108,0.0344962229164134,1,0.0344962229164134,1,776860.131635461,776860.131635461,26798.7402757711,16150
"272","5 - Bute Inlet","1960",5600,5600,26910.575230717,780102.079463108,0.0344962229164134,1,0.0344962229164134,1,472709.018691882,472709.018691882,16306.6756833942,5600
"273","5 - Bute Inlet","1961",8150,8150,26910.575230717,780102.079463108,0.0344962229164134,1,0.0344962229164134,1,424697.536324068,424697.536324068,14650.4608850866,8150
"274","5 - Bute Inlet","1962",8500,8500,26910.575230717,780102.079463108,0.0344962229164134,1,0.0344962229164134,1,459426.841641979,459426.841641979,15848.4907430655,8500
"275","5 - Bute Inlet","1963",8150,8150,26910.575230717,780102.079463108,0.0344962229164134,1,0.0344962229164134,1,446352.79967946,446352.79967946,15397.4856771079,8150
"276","5 - Bute Inlet","1964",23446.1842477849,22900,26910.575230717,780102.079463108,0.0344962229164134,1,0.0344962229164134,1,518642.947392619,518642.947392619,17891.2227272814,23446.1842477849
"277","5 - Bute Inlet","1965",2662.01218533802,2600,26910.575230717,780102.079463108,0.0344962229164134,1,0.0344962229164134,1,219029.175574292,219029.175574292,7555.67926580904,2662.01218533802
"278","5 - Bute Inlet","1966",12150,12150,26910.575230717,780102.079463108,0.0344962229164134,1,0.0344962229164134,1,575151.043559676,575151.043559676,19840.5386092424,12150
"279","5 - Bute Inlet","1967",11275,11275,26910.575230717,780102.079463108,0.0344962229164134,1,0.0344962229164134,1,474661.820740503,474661.820740503,16374.039978175,11275
"280","5 - Bute Inlet","1968",19146.0107176235,18700,26910.575230717,780102.079463108,0.0344962229164134,1,0.0344962229164134,1,1060671.56000171,1060671.56000171,36589.1625749188,19146.0107176235
"281","5 - Bute Inlet","1969",7998.94149773577,7700,26910.575230717,780102.079463108,0.0344962229164134,1,0.0344962229164134,1,660305.597573245,660305.597573245,22778.0490868422,7998.94149773577
"282","5 - Bute Inlet","1970",11225,11225,26910.575230717,780102.079463108,0.0344962229164134,1,0.0344962229164134,1,886112.196122204,886112.196122204,30567.5238463842,11225
"283","5 - Bute Inlet","1971",5194.11785567258,5000,26910.575230717,780102.079463108,0.0344962229164134,1,0.0344962229164134,1,401814.753926276,401814.753926276,13861.0913225446,5194.11785567258
"284","5 - Bute Inlet","1972",155823.535670177,150000,26910.575230717,780102.079463108,0.0344962229164134,1,0.0344962229164134,1,1422930.13577149,1422930.13577149,49085.7151580558,155823.535670177
"285","5 - Bute Inlet","1973",44150.0017732169,42500,26910.575230717,780102.079463108,0.0344962229164134,1,0.0344962229164134,1,1272726.29290556,1272726.29290556,43904.2499116507,44150.0017732169
"286","5 - Bute Inlet","1974",43718.4308899744,42700,26910.575230717,780102.079463108,0.0344962229164134,1,0.0344962229164134,1,843691.440778131,843691.440778131,29104.1680137524,43718.4308899744
"287","5 - Bute Inlet","1975",7271.76499794161,7000,26910.575230717,780102.079463108,0.0344962229164134,1,0.0344962229164134,1,494659.487909846,494659.487909846,17063.8839626569,7271.76499794161
"288","5 - Bute Inlet","1976",15582.3535670177,15000,26910.575230717,780102.079463108,0.0344962229164134,1,0.0344962229164134,1,552338.915913709,552338.915913709,19053.6063687694,15582.3535670177
"289","5 - Bute Inlet","1977",88300.0035464338,85000,26910.575230717,780102.079463108,0.0344962229164134,1,0.0344962229164134,1,903752.287982923,903752.287982923,31176.0403874776,88300.0035464338
"290","5 - Bute Inlet","1978",176600.007092868,170000,26910.575230717,780102.079463108,0.0344962229164134,1,0.0344962229164134,1,1122072.69655225,1122072.69655225,38707.2698686876,176600.007092868
"291","5 - Bute Inlet","1979",36358.824989708,35000,26910.575230717,780102.079463108,0.0344962229164134,1,0.0344962229164134,1.00443199840286,490534.940809671,492708.990883885,16996.5991824516,36358.824989708
"292","5 - Bute Inlet","1980",148483.968145633,145025,26910.575230717,780102.079463108,0.0344962229164134,1,0.0344962229164134,1.00443199840286,1111089.80752732,1116014.15577971,38498.2730956499,148483.968145633
"293","5 - Bute Inlet","1981",131151.475855733,126250,26910.575230717,780102.079463108,0.0344962229164134,1,0.0344962229164134,1,922101.010468904,922101.010468904,31809.0020085853,131151.475855733
"294","5 - Bute Inlet","1982",207764.714226903,200000,26910.575230717,780102.079463108,0.0344962229164134,1,0.0344962229164134,1.00443199840286,1144872.32828854,1149946.40061899,39668.8073776799,207764.714226903
"295","5 - Bute Inlet","1983",85517.1414539839,83525,26910.575230717,780102.079463108,0.0344962229164134,1,0.0344962229164134,1,867442.248487832,867442.248487832,29923.4811709511,85517.1414539839
"296","5 - Bute Inlet","1984",109076.474969124,105000,26910.575230717,780102.079463108,0.0344962229164134,1,0.0344962229164134,1.00443199840286,1096471.73859735,1101331.29959159,37991.7700155348,109076.474969124
"297","5 - Bute Inlet","1985",79470.0031917904,76500,26910.575230717,780102.079463108,0.0344962229164134,1,0.0344962229164134,1,1755825.71576726,1755825.71576726,60569.3552934786,79470.0031917904
"298","5 - Bute Inlet","1986",274392.025257919,268000,26910.575230717,780102.079463108,0.0344962229164134,1,0.0344962229164134,1,1510419.08783803,1510419.08783803,52103.7535512666,274392.025257919
"299","5 - Bute Inlet","1987",82586.473905194,79500,26910.575230717,780102.079463108,0.0344962229164134,1,0.0344962229164134,1,968050.064452907,968050.064452907,33394.0708176158,82586.473905194
"300","5 - Bute Inlet","1988",112712.357468095,108500,26910.575230717,780102.079463108,0.0344962229164134,1,0.0344962229164134,1,1177514.00566802,1177514.00566802,40619.785626723,112712.357468095
"301","5 - Bute Inlet","1989",22854.1185649593,22000,26910.575230717,780102.079463108,0.0344962229164134,1,0.0344962229164134,1.00443199840286,491445.429418549,493623.514776823,17028.1468025248,22854.1185649593
"302","5 - Bute Inlet","1990",12465.8828536142,12000,26910.575230717,780102.079463108,0.0344962229164134,1,0.0344962229164134,1,1067995.01628,1067995.01628,36841.7941552133,12465.8828536142
"303","5 - Bute Inlet","1991",44934.1556099485,8500,26910.575230717,780102.079463108,0.0344962229164134,1,0.0344962229164134,1.00443199840286,990888.192755514,995279.807643217,34333.3941086655,44934.1556099485
"304","5 - Bute Inlet","1992",197376.478515558,190000,26910.575230717,780102.079463108,0.0344962229164134,1,0.0344962229164134,1,1423637.54017307,1423637.54017307,49110.1179379846,197376.478515558
"305","5 - Bute Inlet","1993",200492.949228961,193000,26910.575230717,780102.079463108,0.0344962229164134,1,0.0344962229164134,1,1551635.247109,1551635.247109,53525.5553692362,200492.949228961
"306","5 - Bute Inlet","1994",106479.416041288,102500,26910.575230717,780102.079463108,0.0344962229164134,1,0.0344962229164134,1,1411282.37196083,1411282.37196083,48683.9113011655,106479.416041288
"307","5 - Bute Inlet","1995",59212.9435546674,57000,26910.575230717,780102.079463108,0.0344962229164134,1,0.0344962229164134,1,694817.345550759,694817.345550759,23968.5740383096,59212.9435546674
"308","5 - Bute Inlet","1996",24572.420172351,24000,26910.575230717,780102.079463108,0.0344962229164134,1,0.0344962229164134,1.00443199840286,639436.083107352,642270.062806413,22155.8912591088,24572.420172351
"309","5 - Bute Inlet","1997",27797.550319972,27150,26910.575230717,780102.079463108,0.0344962229164134,1,0.0344962229164134,1,966952.804699591,966952.804699591,33356.2195005683,27797.550319972
"310","5 - Bute Inlet","1998",20686.2217012129,16000,26910.575230717,780102.079463108,0.0344962229164134,1,0.0344962229164134,1,1596216.9208507,1596216.9208507,55063.4547246166,20686.2217012129
"311","5 - Bute Inlet","1999",10392.0860312234,10150,26910.575230717,780102.079463108,0.0344962229164134,1,0.0344962229164134,1,623977.186740068,623977.186740068,21524.8561285419,10392.0860312234
"312","5 - Bute Inlet","2000",10343.1108506064,8000,26910.575230717,780102.079463108,0.0344962229164134,1,0.0344962229164134,1,561223.084230887,561223.084230887,19360.0766194657,10343.1108506064
"313","5 - Bute Inlet","2001",51715.5542530322,40000,26910.575230717,780102.079463108,0.0344962229164134,1,0.0344962229164134,1,1649459.68663304,1649459.68663304,56900.1290417307,51715.5542530322
"314","5 - Bute Inlet","2002",58772.1416308584,45458,26910.575230717,780102.079463108,0.0344962229164134,1,0.0344962229164134,1,1805883.28466057,1805883.28466057,62296.1523486758,58772.1416308584
"315","5 - Bute Inlet","2003",34500.7391310541,26685,26910.575230717,780102.079463108,0.0344962229164134,1,0.0344962229164134,1,1521635.27763018,1521635.27763018,52490.6697346092,34500.7391310541
"316","5 - Bute Inlet","2004",1247.5836145821,236,26910.575230717,780102.079463108,0.0344962229164134,1,0.0344962229164134,1.00443199840286,2249861.9598919,2259833.3445048,77955.7148059814,1247.5836145821
"317","5 - Bute Inlet","2005",NA,0,26910.575230717,780102.079463108,0.0344962229164134,0,0,1.04048383746666,995360.27152331,1035656.27497643,35726.2297263691,35726.2297263691
"318","5 - Bute Inlet","2006",NA,0,26910.575230717,780102.079463108,0.0344962229164134,0,0,1.04048383746666,840517.409811459,874544.78001816,30168.4916818922,30168.4916818922
"319","5 - Bute Inlet","2007",507.491639830007,96,26910.575230717,780102.079463108,0.0344962229164134,1,0.0344962229164134,1.00443199840286,1300033.52332974,1305795.2698288,45045.0047112124,507.491639830007
"320","5 - Bute Inlet","2008",NA,0,26910.575230717,780102.079463108,0.0344962229164134,0,0,1.04048383746666,976997.277495729,1016549.87648323,35067.131144818,35067.131144818
"321","5 - Bute Inlet","2009",NA,0,26910.575230717,780102.079463108,0.0344962229164134,0,0,1.04048383746666,1275420.99928351,1327054.93572007,45778.3828849261,45778.3828849261
"322","5 - Bute Inlet","2010",NA,0,26910.575230717,780102.079463108,0.0344962229164134,0,0,1.04048383746666,572808.839719026,595998.339685675,20559.6915836093,20559.6915836093
"323","5 - Bute Inlet","2011",NA,0,26910.575230717,780102.079463108,0.0344962229164134,0,0,1.04048383746666,1199249.48462505,1247799.70584258,43044.3768077808,43044.3768077808
"324","5 - Bute Inlet","2012",NA,0,26910.575230717,780102.079463108,0.0344962229164134,0,0,1.04048383746666,1890606.15414104,1967145.14639874,67859.0774791117,67859.0774791117
"325","5 - Bute Inlet","2013",NA,0,26910.575230717,780102.079463108,0.0344962229164134,0,0,1.04048383746666,1905227.49249133,1982358.41263436,68383.8777024622,68383.8777024622
"326","5 - Bute Inlet","2014",NA,0,26910.575230717,780102.079463108,0.0344962229164134,0,0,1.04048383746666,849374.463190793,883760.400906937,30486.3957943846,30486.3957943846
"327","5 - Bute Inlet","2015",NA,0,26910.575230717,780102.079463108,0.0344962229164134,0,0,1.04048383746666,958481.08590784,997284.078404597,34402.5338796349,34402.5338796349
"328","5 - Bute Inlet","2016",NA,0,26910.575230717,780102.079463108,0.0344962229164134,0,0,1.04048383746666,2540244.86993532,2643083.73037528,91176.4055497712,91176.4055497712
"329","5 - Bute Inlet","2017",NA,0,26910.575230717,780102.079463108,0.0344962229164134,0,0,1.04048383746666,851149.675932267,885607.481072505,30550.1130835205,30550.1130835205
"330","5 - Bute Inlet","2018",NA,0,26910.575230717,780102.079463108,0.0344962229164134,0,0,1.04048383746666,676390.512439275,703773.396008854,24277.5239513627,24277.5239513627
"331","6 - Georgia Strait","1953",422458.284429892,411375,517476.394945578,780102.079463108,0.663344462947365,1,0.663344462947365,1,684477.987094516,684477.987094516,454044.682748505,422458.284429892
"332","6 - Georgia Strait","1954",536231.333136481,519750,517476.394945578,780102.079463108,0.663344462947365,1,0.663344462947365,1,836340.712153488,836340.712153488,554781.980544472,536231.333136481
"333","6 - Georgia Strait","1955",253710.547493076,247300,517476.394945578,780102.079463108,0.663344462947365,1,0.663344462947365,1,443412.813678345,443412.813678345,294135.434753442,253710.547493076
"334","6 - Georgia Strait","1956",240908.4431037,235626,517476.394945578,780102.079463108,0.663344462947365,1,0.663344462947365,1,384062.74428176,384062.74428176,254765.894843675,240908.4431037
"335","6 - Georgia Strait","1957",453048.666110257,443400,517476.394945578,780102.079463108,0.663344462947365,1,0.663344462947365,1,848899.801875,848899.801875,563112.983170896,453048.666110257
"336","6 - Georgia Strait","1958",562884.050963121,550925,517476.394945578,780102.079463108,0.663344462947365,1,0.663344462947365,1,918228.847225489,918228.847225489,609102.02152557,562884.050963121
"337","6 - Georgia Strait","1959",418981.526227721,409175,517476.394945578,780102.079463108,0.663344462947365,1,0.663344462947365,1,776860.131635461,776860.131635461,515325.866804944,418981.526227721
"338","6 - Georgia Strait","1960",287942.711208919,280875,517476.394945578,780102.079463108,0.663344462947365,1,0.663344462947365,1,472709.018691882,472709.018691882,313568.910134542,287942.711208919
"339","6 - Georgia Strait","1961",223488.742794154,218354,517476.394945578,780102.079463108,0.663344462947365,1,0.663344462947365,1,424697.536324068,424697.536324068,281720.759147958,223488.742794154
"340","6 - Georgia Strait","1962",295184.540093352,288652,517476.394945578,780102.079463108,0.663344462947365,1,0.663344462947365,1,459426.841641979,459426.841641979,304758.251532603,295184.540093352
"341","6 - Georgia Strait","1963",257252.158478482,251600,517476.394945578,780102.079463108,0.663344462947365,1,0.663344462947365,1,446352.79967946,446352.79967946,296085.658188424,257252.158478482
"342","6 - Georgia Strait","1964",261924.904965565,256175,517476.394945578,780102.079463108,0.663344462947365,1,0.663344462947365,1,518642.947392619,518642.947392619,344038.927399595,261924.904965565
"343","6 - Georgia Strait","1965",152393.586837068,149350,517476.394945578,780102.079463108,0.663344462947365,1,0.663344462947365,1,219029.175574292,219029.175574292,145291.790841133,152393.586837068
"344","6 - Georgia Strait","1966",419808.149585097,410800,517476.394945578,780102.079463108,0.663344462947365,1,0.663344462947365,1,575151.043559676,575151.043559676,381523.26010371,419808.149585097
"345","6 - Georgia Strait","1967",288983.859668945,282957,517476.394945578,780102.079463108,0.663344462947365,1,0.663344462947365,1,474661.820740503,474661.820740503,314864.290560727,288983.859668945
"346","6 - Georgia Strait","1968",675341.734834284,661848,517476.394945578,780102.079463108,0.663344462947365,1,0.663344462947365,1,1060671.56000171,1060671.56000171,703590.606332875,675341.734834284
"347","6 - Georgia Strait","1969",486876.68451735,477205,517476.394945578,780102.079463108,0.663344462947365,1,0.663344462947365,1,660305.597573245,660305.597573245,438010.062003363,486876.68451735
"348","6 - Georgia Strait","1970",478075.393578579,469156,517476.394945578,780102.079463108,0.663344462947365,1,0.663344462947365,1,886112.196122204,886112.196122204,587797.618847794,478075.393578579
"349","6 - Georgia Strait","1971",294290.911604936,287944,517476.394945578,780102.079463108,0.663344462947365,1,0.663344462947365,1,401814.753926276,401814.753926276,266541.592147553,294290.911604936
"350","6 - Georgia Strait","1972",632873.081100916,620229,517476.394945578,780102.079463108,0.663344462947365,1,0.663344462947365,1,1422930.13577149,1422930.13577149,943892.826724962,632873.081100916
"351","6 - Georgia Strait","1973",618286.03831645,605434,517476.394945578,780102.079463108,0.663344462947365,1,0.663344462947365,1,1272726.29290556,1272726.29290556,844255.93924643,618286.03831645
"352","6 - Georgia Strait","1974",519728.013714088,506641,517476.394945578,780102.079463108,0.663344462947365,1,0.663344462947365,1,843691.440778131,843691.440778131,559658.045676258,519728.013714088
"353","6 - Georgia Strait","1975",334235.874708245,327906,517476.394945578,780102.079463108,0.663344462947365,1,0.663344462947365,1,494659.487909846,494659.487909846,328129.632349375,334235.874708245
"354","6 - Georgia Strait","1976",295315.103744044,289648,517476.394945578,780102.079463108,0.663344462947365,1,0.663344462947365,1,552338.915913709,552338.915913709,366390.961541709,295315.103744044
"355","6 - Georgia Strait","1977",515540.091117434,502199,517476.394945578,780102.079463108,0.663344462947365,1,0.663344462947365,1,903752.287982923,903752.287982923,599499.076109485,515540.091117434
"356","6 - Georgia Strait","1978",669522.886690535,644816,517476.394945578,780102.079463108,0.663344462947365,1,0.663344462947365,1,1122072.69655225,1122072.69655225,744320.710282355,669522.886690535
"357","6 - Georgia Strait","1979",373107.426390159,360287,517476.394945578,780102.079463108,0.663344462947365,1,0.663344462947365,1.00443199840286,490534.940809671,492708.990883885,326835.780947209,373107.426390159
"358","6 - Georgia Strait","1980",585851.237015465,568234,517476.394945578,780102.079463108,0.663344462947365,1,0.663344462947365,1.00443199840286,1111089.80752732,1116014.15577971,740301.810807351,585851.237015465
"359","6 - Georgia Strait","1981",537103.025210412,524973,517476.394945578,780102.079463108,0.663344462947365,1,0.663344462947365,1,922101.010468904,922101.010468904,611670.599572717,537103.025210412
"360","6 - Georgia Strait","1982",600069.024943175,588830,517476.394945578,780102.079463108,0.663344462947365,1,0.663344462947365,1.00443199840286,1144872.32828854,1149946.40061899,762810.57753686,600069.024943175
"361","6 - Georgia Strait","1983",596024.981925151,583380,517476.394945578,780102.079463108,0.663344462947365,1,0.663344462947365,1,867442.248487832,867442.248487832,575413.012461016,596024.981925151
"362","6 - Georgia Strait","1984",689199.621635761,675716,517476.394945578,780102.079463108,0.663344462947365,1,0.663344462947365,1.00443199840286,1096471.73859735,1101331.29959159,730562.019454708,689199.621635761
"363","6 - Georgia Strait","1985",1082532.68417378,1048735,517476.394945578,780102.079463108,0.663344462947365,1,0.663344462947365,1,1755825.71576726,1755825.71576726,1164717.26645481,1082532.68417378
"364","6 - Georgia Strait","1986",793985.236630525,769502,517476.394945578,780102.079463108,0.663344462947365,1,0.663344462947365,1,1510419.08783803,1510419.08783803,1001928.13864737,793985.236630525
"365","6 - Georgia Strait","1987",725446.366306146,706000,517476.394945578,780102.079463108,0.663344462947365,1,0.663344462947365,1,968050.064452907,968050.064452907,642150.650110676,725446.366306146
"366","6 - Georgia Strait","1988",692771.397821185,679730,517476.394945578,780102.079463108,0.663344462947365,1,0.663344462947365,1,1177514.00566802,1177514.00566802,781097.395702855,692771.397821185
"367","6 - Georgia Strait","1989",336438.976192477,322050,517476.394945578,780102.079463108,0.663344462947365,1,0.663344462947365,1.00443199840286,491445.429418549,493623.514776823,327442.425307823,336438.976192477
"368","6 - Georgia Strait","1990",715227.4641393,684811,517476.394945578,780102.079463108,0.663344462947365,1,0.663344462947365,1,1067995.01628,1067995.01628,708448.580504717,715227.4641393
"369","6 - Georgia Strait","1991",665083.675810007,625956,517476.394945578,780102.079463108,0.663344462947365,1,0.663344462947365,1.00443199840286,990888.192755514,995279.807643217,660213.349483447,665083.675810007
"370","6 - Georgia Strait","1992",822608.041420651,796910,517476.394945578,780102.079463108,0.663344462947365,1,0.663344462947365,1,1423637.54017307,1423637.54017307,944362.079517813,822608.041420651
"371","6 - Georgia Strait","1993",1101414.51349907,1038335,517476.394945578,780102.079463108,0.663344462947365,1,0.663344462947365,1,1551635.247109,1551635.247109,1029268.64968372,1101414.51349907
"372","6 - Georgia Strait","1994",875055.002946046,840728,517476.394945578,780102.079463108,0.663344462947365,1,0.663344462947365,1,1411282.37196083,1411282.37196083,936166.347095442,875055.002946046
"373","6 - Georgia Strait","1995",406943.387586281,390298,517476.394945578,780102.079463108,0.663344462947365,1,0.663344462947365,1,694817.345550759,694817.345550759,460903.238930882,406943.387586281
"374","6 - Georgia Strait","1996",390072.837284392,372216,517476.394945578,780102.079463108,0.663344462947365,1,0.663344462947365,1.00443199840286,639436.083107352,642270.062806413,426046.28987949,390072.837284392
"375","6 - Georgia Strait","1997",565560.715191189,545761,517476.394945578,780102.079463108,0.663344462947365,1,0.663344462947365,1,966952.804699591,966952.804699591,641422.788928899,565560.715191189
"376","6 - Georgia Strait","1998",1217618.40001949,1185744,517476.394945578,780102.079463108,0.663344462947365,1,0.663344462947365,1,1596216.9208507,1596216.9208507,1058841.6561092,1217618.40001949
"377","6 - Georgia Strait","1999",528946.935137097,509717,517476.394945578,780102.079463108,0.663344462947365,1,0.663344462947365,1,623977.186740068,623977.186740068,413911.811829498,528946.935137097
"378","6 - Georgia Strait","2000",204615.333006268,194289,517476.394945578,780102.079463108,0.663344462947365,1,0.663344462947365,1,561223.084230887,561223.084230887,372284.225402801,204615.333006268
"379","6 - Georgia Strait","2001",894870.988393597,862058,517476.394945578,780102.079463108,0.663344462947365,1,0.663344462947365,1,1649459.68663304,1649459.68663304,1094159.94998292,894870.988393597
"380","6 - Georgia Strait","2002",891553.002231366,858461,517476.394945578,780102.079463108,0.663344462947365,1,0.663344462947365,1,1805883.28466057,1805883.28466057,1197922.67760879,891553.002231366
"381","6 - Georgia Strait","2003",770545.029363071,588857,517476.394945578,780102.079463108,0.663344462947365,1,0.663344462947365,1,1521635.27763018,1521635.27763018,1009368.33604136,770545.029363071
"382","6 - Georgia Strait","2004",952781.61490922,701742,517476.394945578,780102.079463108,0.663344462947365,1,0.663344462947365,1.00443199840286,2249861.9598919,2259833.3445048,1499047.93626108,952781.61490922
"383","6 - Georgia Strait","2005",603718.589146837,437205,517476.394945578,780102.079463108,0.663344462947365,1,0.663344462947365,1.04048383746666,995360.27152331,1035656.27497643,686996.855522306,603718.589146837
"384","6 - Georgia Strait","2006",718857.519844205,656849,517476.394945578,780102.079463108,0.663344462947365,1,0.663344462947365,1.04048383746666,840517.409811459,874544.78001816,580124.437424568,718857.519844205
"385","6 - Georgia Strait","2007",630826.320550073,579217,517476.394945578,780102.079463108,0.663344462947365,1,0.663344462947365,1.00443199840286,1300033.52332974,1305795.2698288,866192.061983794,630826.320550073
"386","6 - Georgia Strait","2008",484363.361387526,445721,517476.394945578,780102.079463108,0.663344462947365,1,0.663344462947365,1.04048383746666,976997.277495729,1016549.87648323,674322.731874979,484363.361387526
"387","6 - Georgia Strait","2009",516888.972822927,459613,517476.394945578,780102.079463108,0.663344462947365,1,0.663344462947365,1.04048383746666,1275420.99928351,1327054.93572007,880294.543636877,516888.972822927
"388","6 - Georgia Strait","2010",314191.239350409,278442,517476.394945578,780102.079463108,0.663344462947365,1,0.663344462947365,1.04048383746666,572808.839719026,595998.339685675,395352.198556315,314191.239350409
"389","6 - Georgia Strait","2011",826426.364811365,764105,517476.394945578,780102.079463108,0.663344462947365,1,0.663344462947365,1.04048383746666,1199249.48462505,1247799.70584258,827721.025738028,826426.364811365
"390","6 - Georgia Strait","2012",881696.630226285,811765,517476.394945578,780102.079463108,0.663344462947365,1,0.663344462947365,1.04048383746666,1890606.15414104,1967145.14639874,1304894.84067739,881696.630226285
"391","6 - Georgia Strait","2013",713928.041204473,648543,517476.394945578,780102.079463108,0.663344462947365,1,0.663344462947365,1.04048383746666,1905227.49249133,1982358.41263436,1314986.47659813,713928.041204473
"392","6 - Georgia Strait","2014",541216.029648611,480281,517476.394945578,780102.079463108,0.663344462947365,1,0.663344462947365,1.04048383746666,849374.463190793,883760.400906937,586237.56851376,541216.029648611
"393","6 - Georgia Strait","2015",485988.744162479,445812,517476.394945578,780102.079463108,0.663344462947365,1,0.663344462947365,1.04048383746666,958481.08590784,997284.078404597,661542.871395255,485988.744162479
"394","6 - Georgia Strait","2016",1114405.72508478,996084,517476.394945578,780102.079463108,0.663344462947365,1,0.663344462947365,1.04048383746666,2540244.86993532,2643083.73037528,1753274.95765071,1114405.72508478
"395","6 - Georgia Strait","2017",591389.457442439,540508,517476.394945578,780102.079463108,0.663344462947365,1,0.663344462947365,1.04048383746666,851149.675932267,885607.481072505,587462.81891421,591389.457442439
"396","6 - Georgia Strait","2018",546309.647787088,505025,517476.394945578,780102.079463108,0.663344462947365,1,0.663344462947365,1.04048383746666,676390.512439275,703773.396008854,466844.185412137,546309.647787088
"397","7 - Howe Sound-Burrard Inlet","1953",39724.6979730705,30750,177074.1054295,780102.079463108,0.226988377663816,1,0.226988377663816,1,684477.987094516,684477.987094516,155368.547837178,39724.6979730705
"398","7 - Howe Sound-Burrard Inlet","1954",96437.3562175517,74650,177074.1054295,780102.079463108,0.226988377663816,1,0.226988377663816,1,836340.712153488,836340.712153488,189839.621425921,96437.3562175517
"399","7 - Howe Sound-Burrard Inlet","1955",41432.7148444414,32000,177074.1054295,780102.079463108,0.226988377663816,1,0.226988377663816,1,443412.813678345,443412.813678345,100649.555212195,41432.7148444414
"400","7 - Howe Sound-Burrard Inlet","1956",20721.9590463243,16000,177074.1054295,780102.079463108,0.226988377663816,1,0.226988377663816,1,384062.74428176,384062.74428176,87177.7792456297,20721.9590463243
"401","7 - Howe Sound-Burrard Inlet","1957",111584.415851186,86375,177074.1054295,780102.079463108,0.226988377663816,1,0.226988377663816,1,848899.801875,848899.801875,192690.388826741,111584.415851186
"402","7 - Howe Sound-Burrard Inlet","1958",123308.046228604,95450,177074.1054295,780102.079463108,0.226988377663816,1,0.226988377663816,1,918228.847225489,918228.847225489,208427.27635583,123308.046228604
"403","7 - Howe Sound-Burrard Inlet","1959",255416.590387354,197650,177074.1054295,780102.079463108,0.226988377663816,1,0.226988377663816,1,776860.131635461,776860.131635461,176338.220951632,255416.590387354
"404","7 - Howe Sound-Burrard Inlet","1960",84578.8810566777,65450,177074.1054295,780102.079463108,0.226988377663816,1,0.226988377663816,1,472709.018691882,472709.018691882,107299.453259925,84578.8810566777
"405","7 - Howe Sound-Burrard Inlet","1961",50010.7363925657,38700,177074.1054295,780102.079463108,0.226988377663816,1,0.226988377663816,1,424697.536324068,424697.536324068,96401.4047680197,50010.7363925657
"406","7 - Howe Sound-Burrard Inlet","1962",79635.9594364823,61625,177074.1054295,780102.079463108,0.226988377663816,1,0.226988377663816,1,459426.841641979,459426.841641979,104284.553439524,79635.9594364823
"407","7 - Howe Sound-Burrard Inlet","1963",67682.4888516959,52375,177074.1054295,780102.079463108,0.226988377663816,1,0.226988377663816,1,446352.79967946,446352.79967946,101316.897864943,67682.4888516959
"408","7 - Howe Sound-Burrard Inlet","1964",60381.1797917993,46725,177074.1054295,780102.079463108,0.226988377663816,1,0.226988377663816,1,518642.947392619,518642.947392619,117725.92121543,60381.1797917993
"409","7 - Howe Sound-Burrard Inlet","1965",25561.0804173538,20100,177074.1054295,780102.079463108,0.226988377663816,1,0.226988377663816,1,219029.175574292,219029.175574292,49717.0772246517,25561.0804173538
"410","7 - Howe Sound-Burrard Inlet","1966",42856.13980422,33700,177074.1054295,780102.079463108,0.226988377663816,1,0.226988377663816,1,575151.043559676,575151.043559676,130552.602289261,42856.13980422
"411","7 - Howe Sound-Burrard Inlet","1967",63680.1543233329,50075,177074.1054295,780102.079463108,0.226988377663816,1,0.226988377663816,1,474661.820740503,474661.820740503,107742.71662884,63680.1543233329
"412","7 - Howe Sound-Burrard Inlet","1968",177274.358715379,139400,177074.1054295,780102.079463108,0.226988377663816,1,0.226988377663816,1,1060671.56000171,1060671.56000171,240760.116638936,177274.358715379
"413","7 - Howe Sound-Burrard Inlet","1969",109821.731532916,86300,177074.1054295,780102.079463108,0.226988377663816,1,0.226988377663816,1,660305.597573245,660305.597573245,149881.696355487,109821.731532916
"414","7 - Howe Sound-Burrard Inlet","1970",181835.660990685,142875,177074.1054295,780102.079463108,0.226988377663816,1,0.226988377663816,1,886112.196122204,886112.196122204,201137.1698259,181835.660990685
"415","7 - Howe Sound-Burrard Inlet","1971",60507.692970142,47920,177074.1054295,780102.079463108,0.226988377663816,1,0.226988377663816,1,401814.753926276,401814.753926276,91207.2791151108,60507.692970142
"416","7 - Howe Sound-Burrard Inlet","1972",461796.136894571,365285,177074.1054295,780102.079463108,0.226988377663816,1,0.226988377663816,1,1422930.13577149,1422930.13577149,322988.603047725,461796.136894571
"417","7 - Howe Sound-Burrard Inlet","1973",360045.078413354,285622,177074.1054295,780102.079463108,0.226988377663816,1,0.226988377663816,1,1272726.29290556,1272726.29290556,288894.076436716,360045.078413354
"418","7 - Howe Sound-Burrard Inlet","1974",202452.354880596,160250,177074.1054295,780102.079463108,0.226988377663816,1,0.226988377663816,1,843691.440778131,843691.440778131,191508.151391075,202452.354880596
"419","7 - Howe Sound-Burrard Inlet","1975",98596.0596567334,78075,177074.1054295,780102.079463108,0.226988377663816,1,0.226988377663816,1,494659.487909846,494659.487909846,112281.95465667,98596.0596567334
"420","7 - Howe Sound-Burrard Inlet","1976",175758.996077842,138819,177074.1054295,780102.079463108,0.226988377663816,1,0.226988377663816,1,552338.915913709,552338.915913709,125374.514443844,175758.996077842
"421","7 - Howe Sound-Burrard Inlet","1977",196647.037664358,155830,177074.1054295,780102.079463108,0.226988377663816,1,0.226988377663816,1,903752.287982923,903752.287982923,205141.265659205,196647.037664358
"422","7 - Howe Sound-Burrard Inlet","1978",183874.800468208,145300,177074.1054295,780102.079463108,0.226988377663816,1,0.226988377663816,1,1122072.69655225,1122072.69655225,254697.461011259,183874.800468208
"423","7 - Howe Sound-Burrard Inlet","1979",53406.4167449616,42426,177074.1054295,780102.079463108,0.226988377663816,1,0.226988377663816,1.00443199840286,490534.940809671,492708.990883885,111839.214501109,53406.4167449616
"424","7 - Howe Sound-Burrard Inlet","1980",333792.504412434,270037,177074.1054295,780102.079463108,0.226988377663816,1,0.226988377663816,1.00443199840286,1111089.80752732,1116014.15577971,253322.24267029,333792.504412434
"425","7 - Howe Sound-Burrard Inlet","1981",201404.606665322,162997,177074.1054295,780102.079463108,0.226988377663816,1,0.226988377663816,1,922101.010468904,922101.010468904,209306.212408502,201404.606665322
"426","7 - Howe Sound-Burrard Inlet","1982",194350.772025724,160156,177074.1054295,780102.079463108,0.226988377663816,1,0.226988377663816,1.00443199840286,1144872.32828854,1149946.40061899,261024.467876849,194350.772025724
"427","7 - Howe Sound-Burrard Inlet","1983",147380.593466722,120777,177074.1054295,780102.079463108,0.226988377663816,1,0.226988377663816,1,867442.248487832,867442.248487832,196899.308701306,147380.593466722
"428","7 - Howe Sound-Burrard Inlet","1984",210969.880414717,187417,177074.1054295,780102.079463108,0.226988377663816,1,0.226988377663816,1.00443199840286,1096471.73859735,1101331.29959159,249989.404964677,210969.880414717
"429","7 - Howe Sound-Burrard Inlet","1985",444168.90080218,408655,177074.1054295,780102.079463108,0.226988377663816,1,0.226988377663816,1,1755825.71576726,1755825.71576726,398552.03068242,444168.90080218
"430","7 - Howe Sound-Burrard Inlet","1986",284776.763442824,251078,177074.1054295,780102.079463108,0.226988377663816,1,0.226988377663816,1,1510419.08783803,1510419.08783803,342847.578340816,284776.763442824
"431","7 - Howe Sound-Burrard Inlet","1987",113791.150251619,100626,177074.1054295,780102.079463108,0.226988377663816,1,0.226988377663816,1,968050.064452907,968050.064452907,219736.113627518,113791.150251619
"432","7 - Howe Sound-Burrard Inlet","1988",135561.891624689,125512,177074.1054295,780102.079463108,0.226988377663816,1,0.226988377663816,1,1177514.00566802,1177514.00566802,267281.993823006,135561.891624689
"433","7 - Howe Sound-Burrard Inlet","1989",85069.7793002033,77611,177074.1054295,780102.079463108,0.226988377663816,1,0.226988377663816,1.00443199840286,491445.429418549,493623.514776823,112046.800795902,85069.7793002033
"434","7 - Howe Sound-Burrard Inlet","1990",129928.770447819,115434,177074.1054295,780102.079463108,0.226988377663816,1,0.226988377663816,1,1067995.01628,1067995.01628,242422.456098437,129928.770447819
"435","7 - Howe Sound-Burrard Inlet","1991",166255.799149298,162244,177074.1054295,780102.079463108,0.226988377663816,1,0.226988377663816,1.00443199840286,990888.192755514,995279.807643217,225916.948858489,166255.799149298
"436","7 - Howe Sound-Burrard Inlet","1992",210148.654995922,77134,177074.1054295,780102.079463108,0.226988377663816,1,0.226988377663816,1,1423637.54017307,1423637.54017307,323149.175625191,210148.654995922
"437","7 - Howe Sound-Burrard Inlet","1993",150143.533974951,54465,177074.1054295,780102.079463108,0.226988377663816,1,0.226988377663816,1,1551635.247109,1551635.247109,352203.167467266,150143.533974951
"438","7 - Howe Sound-Burrard Inlet","1994",302609.615826845,286942,177074.1054295,780102.079463108,0.226988377663816,1,0.226988377663816,1,1411282.37196083,1411282.37196083,320344.696036931,302609.615826845
"439","7 - Howe Sound-Burrard Inlet","1995",127048.978757389,79615,177074.1054295,780102.079463108,0.226988377663816,1,0.226988377663816,1,694817.345550759,694817.345550759,157715.462039246,127048.978757389
"440","7 - Howe Sound-Burrard Inlet","1996",197353.684076371,150492,177074.1054295,780102.079463108,0.226988377663816,1,0.226988377663816,1.00443199840286,639436.083107352,642270.062806413,145787.839578465,197353.684076371
"441","7 - Howe Sound-Burrard Inlet","1997",286503.076770316,67438,177074.1054295,780102.079463108,0.226988377663816,1,0.226988377663816,1,966952.804699591,966952.804699591,219487.048416237,286503.076770316
"442","7 - Howe Sound-Burrard Inlet","1998",118369.853461362,3817,177074.1054295,780102.079463108,0.226988377663816,1,0.226988377663816,1,1596216.9208507,1596216.9208507,362322.689263431,118369.853461362
"443","7 - Howe Sound-Burrard Inlet","1999",73618.2062498543,2496,177074.1054295,780102.079463108,0.226988377663816,1,0.226988377663816,1,623977.186740068,623977.186740068,141635.56931736,73618.2062498543
"444","7 - Howe Sound-Burrard Inlet","2000",332921.46656266,67929,177074.1054295,780102.079463108,0.226988377663816,1,0.226988377663816,1,561223.084230887,561223.084230887,127391.117397052,332921.46656266
"445","7 - Howe Sound-Burrard Inlet","2001",570339.291635591,117139,177074.1054295,780102.079463108,0.226988377663816,1,0.226988377663816,1,1649459.68663304,1649459.68663304,374408.1782907,570339.291635591
"446","7 - Howe Sound-Burrard Inlet","2002",591907.765655407,121357,177074.1054295,780102.079463108,0.226988377663816,1,0.226988377663816,1,1805883.28466057,1805883.28466057,409914.517035306,591907.765655407
"447","7 - Howe Sound-Burrard Inlet","2003",674973.60601354,149519,177074.1054295,780102.079463108,0.226988377663816,1,0.226988377663816,1,1521635.27763018,1521635.27763018,345393.523065304,674973.60601354
"448","7 - Howe Sound-Burrard Inlet","2004",1273327.34418598,283585,177074.1054295,780102.079463108,0.226988377663816,1,0.226988377663816,1.00443199840286,2249861.9598919,2259833.3445048,512955.904659739,1273327.34418598
"449","7 - Howe Sound-Burrard Inlet","2005",316889.97639977,70243,177074.1054295,780102.079463108,0.226988377663816,1,0.226988377663816,1.04048383746666,995360.27152331,1035656.27497643,235081.93767425,316889.97639977
"450","7 - Howe Sound-Burrard Inlet","2006",49789.5826142457,2461,177074.1054295,780102.079463108,0.226988377663816,1,0.226988377663816,1.04048383746666,840517.409811459,874544.78001816,198511.500810681,49789.5826142457
"451","7 - Howe Sound-Burrard Inlet","2007",628938.902571393,323174,177074.1054295,780102.079463108,0.226988377663816,1,0.226988377663816,1.00443199840286,1300033.52332974,1305795.2698288,296400.349859524,628938.902571393
"452","7 - Howe Sound-Burrard Inlet","2008",460145.67060392,235959,177074.1054295,780102.079463108,0.226988377663816,1,0.226988377663816,1.04048383746666,976997.277495729,1016549.87648323,230745.007277281,460145.67060392
"453","7 - Howe Sound-Burrard Inlet","2009",714188.586792519,366349,177074.1054295,780102.079463108,0.226988377663816,1,0.226988377663816,1.04048383746666,1275420.99928351,1327054.93572007,301226.046929857,714188.586792519
"454","7 - Howe Sound-Burrard Inlet","2010",231893.261662085,118913,177074.1054295,780102.079463108,0.226988377663816,1,0.226988377663816,1.04048383746666,572808.839719026,595998.339685675,135284.696215579,231893.261662085
"455","7 - Howe Sound-Burrard Inlet","2011",234770.70752302,119963,177074.1054295,780102.079463108,0.226988377663816,1,0.226988377663816,1.04048383746666,1199249.48462505,1247799.70584258,283236.030878594,234770.70752302
"456","7 - Howe Sound-Burrard Inlet","2012",957375.833790997,461798,177074.1054295,780102.079463108,0.226988377663816,1,0.226988377663816,1.04048383746666,1890606.15414104,1967145.14639874,446519.0854103,957375.833790997
"457","7 - Howe Sound-Burrard Inlet","2013",1156261.5053222,591338,177074.1054295,780102.079463108,0.226988377663816,1,0.226988377663816,1.04048383746666,1905227.49249133,1982358.41263436,449972.32003209,1156261.5053222
"458","7 - Howe Sound-Burrard Inlet","2014",291150.325389767,139911,177074.1054295,780102.079463108,0.226988377663816,1,0.226988377663816,1.04048383746666,849374.463190793,883760.400906937,200603.339645389,291150.325389767
"459","7 - Howe Sound-Burrard Inlet","2015",450256.065146462,216568,177074.1054295,780102.079463108,0.226988377663816,1,0.226988377663816,1.04048383746666,958481.08590784,997284.078404597,226371.895027013,450256.065146462
"460","7 - Howe Sound-Burrard Inlet","2016",1399569.7756229,673177,177074.1054295,780102.079463108,0.226988377663816,1,0.226988377663816,1.04048383746666,2540244.86993532,2643083.73037528,599949.287987512,1399569.7756229
"461","7 - Howe Sound-Burrard Inlet","2017",248736.033932382,119529,177074.1054295,780102.079463108,0.226988377663816,1,0.226988377663816,1.04048383746666,851149.675932267,885607.481072505,201022.605375586,248736.033932382
"462","7 - Howe Sound-Burrard Inlet","2018",118257.636935304,36460,177074.1054295,780102.079463108,0.226988377663816,1,0.226988377663816,1.04048383746666,676390.512439275,703773.396008854,159748.381403004,118257.636935304
