"","Year","CU","Escape","CUinfill","Return","Age3","Age4","Age5","Age6","Recruit"
"1",1953,"1 - Southern Coastal Streams",104081.952514981,FALSE,117421.4881,NA,NA,NA,NA,NA
"2",1954,"1 - Southern Coastal Streams",124857.556556056,FALSE,139949.7039,NA,NA,NA,NA,NA
"3",1955,"1 - Southern Coastal Streams",58683.9277127551,FALSE,64687.12103,NA,NA,NA,NA,75628.7942582826
"4",1956,"1 - Southern Coastal Streams",63455.6619764978,FALSE,71957.95269,NA,NA,NA,NA,20859.7814683149
"5",1957,"1 - Southern Coastal Streams",108030.27510905,FALSE,113778.115,NA,NA,NA,NA,56888.0526131802
"6",1958,"1 - Southern Coastal Streams",125461.427583636,FALSE,135169.3266,0.434782609,0.565217391,0,0,23738.7892219117
"7",1959,"1 - Southern Coastal Streams",23975.3848197415,FALSE,25842.27589,0.332003384,0.645675951,0.022320665,0,109683.908633636
"8",1960,"1 - Southern Coastal Streams",16849.2019697984,FALSE,18631.73716,0.38852246,0.602150137,0.009327403,0,54567.4781410318
"9",1961,"1 - Southern Coastal Streams",51959.6871060146,FALSE,55310.07629,0.110520263,0.870297783,0.019181954,0,12439.8788658025
"10",1962,"1 - Southern Coastal Streams",89216.117601596,FALSE,91397.03368,0.793783478,0.18966273,0.016553792,0,14612.2667839888
"11",1963,"1 - Southern Coastal Streams",53865.8959024107,FALSE,56978.60631,0.348690017,0.646197641,0.005112342,0,22785.9912958356
"12",1964,"1 - Southern Coastal Streams",44139.9082586607,FALSE,45313.6162,0.228833951,0.764214223,0.006951826,0,76628.2705875881
"13",1965,"1 - Southern Coastal Streams",2938.9305615511,FALSE,2975.048019,0.357271453,0.619099703,0.023628843,0,45158.0975511174
"14",1966,"1 - Southern Coastal Streams",15270.9930911104,FALSE,15410.05677,0.155156647,0.830000209,0.014843144,0,83322.9753532774
"15",1967,"1 - Southern Coastal Streams",54448.2563031631,FALSE,56011.24419,0.626558615,0.359890236,0.013551149,0,13957.7781176258
"16",1968,"1 - Southern Coastal Streams",44668.9340090435,FALSE,47000.00954,0.167854993,0.827099929,0.005045077,0,83182.489199506
"17",1969,"1 - Southern Coastal Streams",69059.9114898281,FALSE,72453.56973,0.455814611,0.507468931,0.036716458,0,116990.918384432
"18",1970,"1 - Southern Coastal Streams",50240.9540712759,FALSE,53476.88115,0.085277353,0.905354568,0.00936808,0,40324.3919890582
"19",1971,"1 - Southern Coastal Streams",16719.924811058,FALSE,17339.61377,0.415203238,0.4762568,0.108539962,0,23814.0161148315
"20",1972,"1 - Southern Coastal Streams",57153.3863406969,FALSE,61772.6977,0.071381929,0.910174611,0.01844346,0,83269.4167832066
"21",1973,"1 - Southern Coastal Streams",107315.586471133,FALSE,117764.4276,0.026375264,0.807845091,0.165779645,0,53923.8527108886
"22",1974,"1 - Southern Coastal Streams",66487.2695115891,FALSE,68431.71859,0.207801318,0.533806974,0.254940979,0.003450729,59525.8665077686
"23",1975,"1 - Southern Coastal Streams",19406.391505402,FALSE,20747.44203,0.563003677,0.403787627,0.033208696,0,21926.9984097363
"24",1976,"1 - Southern Coastal Streams",77456.8076455176,FALSE,84048.5292,0.148130862,0.837398279,0.014470859,0,28550.5941323827
"25",1977,"1 - Southern Coastal Streams",53347.0418441215,FALSE,54407.7265,0.234392947,0.743433053,0.022174,0,29877.8054508193
"26",1978,"1 - Southern Coastal Streams",45821.684930127,FALSE,49620.2746,0.142596397,0.836743309,0.020660293,0,66848.155263338
"27",1979,"1 - Southern Coastal Streams",30881.7365291453,FALSE,31332.13003,0.363502131,0.468821864,0.167676005,0,37528.2292756377
"28",1980,"1 - Southern Coastal Streams",21018.249510893,FALSE,22081.23285,0.282814359,0.709842824,0.007342816,0,34020.3130545033
"29",1981,"1 - Southern Coastal Streams",22015.0542583159,FALSE,22181.88718,0.138790193,0.794168918,0.067040888,0,64105.0849020461
"30",1982,"1 - Southern Coastal Streams",68413.299267699,FALSE,74464.52032,0.194338101,0.725085861,0.080576039,0,47391.3908073267
"31",1983,"1 - Southern Coastal Streams",36118.1396023007,FALSE,36567.88957,0.17545752,0.559505096,0.264580855,0.000456529,36917.9912451642
"32",1984,"1 - Southern Coastal Streams",56848.4868528821,FALSE,57078.9566,0.492194218,0.460534284,0.045498646,0.001772852,42437.0612952895
"33",1985,"1 - Southern Coastal Streams",54349.9370551745,FALSE,55477.32078,0.370820705,0.605432917,0.023746378,0,7889.39676243172
"34",1986,"1 - Southern Coastal Streams",25860.7973792116,FALSE,27371.55782,0.112026474,0.799713213,0.088260313,0,32956.9559222655
"35",1987,"1 - Southern Coastal Streams",35602.6621534011,FALSE,35944.21117,0.107184036,0.760114635,0.132491723,0.000209605,5003.60124826283
"36",1988,"1 - Southern Coastal Streams",44404.8172246054,FALSE,47247.60514,0.067719023,0.793794816,0.137845503,0.003546099,10812.8514760054
"37",1989,"1 - Southern Coastal Streams",4208.12940976519,FALSE,4419.538793,0.121743489,0.635453626,0.238942462,0.003860422,4991.28729749329
"38",1990,"1 - Southern Coastal Streams",29210.9360160891,FALSE,31184.10466,0.011478832,0.92783509,0.059932613,0.000753466,4007.41556923987
"39",1991,"1 - Southern Coastal Streams",8217.61794754122,FALSE,8398.801432,0.130959458,0.45693836,0.410616461,0.001485721,2488.15977438138
"40",1992,"1 - Southern Coastal Streams",8953.51464945096,FALSE,9646.904185,0.037362136,0.877477468,0.081375433,0.003784963,3801.12459165317
"41",1993,"1 - Southern Coastal Streams",4521.65589293103,FALSE,4785.483086,0.044506774,0.699309101,0.251401203,0.004782922,1617.6635926387
"42",1994,"1 - Southern Coastal Streams",4641.21968417332,FALSE,4955.379542,0.097864748,0.64105794,0.252010048,0.009067263,5086.07640054305
"43",1995,"1 - Southern Coastal Streams",2675.95867133901,FALSE,2787.453874,0.202224658,0.575100681,0.209931475,0.012743185,2062.15457079832
"44",1996,"1 - Southern Coastal Streams",4666.14517760639,FALSE,4782.288506,0.236010961,0.673546814,0.083631793,0.006810432,2828.16257138638
"45",1997,"1 - Southern Coastal Streams",254.253433077772,FALSE,257.8409707,0.136149443,0.816562034,0.046408017,0.000716801,1479.99249870916
"46",1998,"1 - Southern Coastal Streams",5425.1480068878,FALSE,5651.558255,0.12256204,0.828015044,0.048649393,0.000773523,2330.96821597094
"47",1999,"1 - Southern Coastal Streams",1751.81890016903,FALSE,1771.727931,0.125920036,0.670742577,0.201360187,0.0019772,3871.28076435483
"48",2000,"1 - Southern Coastal Streams",2934.90995128618,FALSE,3068.886654,0.098899426,0.837313443,0.05901642,0.004770711,3041.38834069325
"49",2001,"1 - Southern Coastal Streams",1190.82680119581,FALSE,1209.777465,0.283833921,0.686866081,0.029299997,0,11915.3235372142
"50",2002,"1 - Southern Coastal Streams",2652.40652953883,FALSE,2715.673479,0.199157059,0.675227201,0.125615739,0,10218.7174269921
"51",2003,"1 - Southern Coastal Streams",3189.19281216061,FALSE,3309.502261,0.103552054,0.849815148,0.045304824,0.001327974,3664.57475402166
"52",2004,"1 - Southern Coastal Streams",1280.76103245932,FALSE,1338.248425,0.16331283,0.605765883,0.230921287,0.00295858,6393.66631767553
"53",2005,"1 - Southern Coastal Streams",14698.1320881996,FALSE,15379.21409,0.130621709,0.733028191,0.122764228,0.013585871,11394.8482685875
"54",2006,"1 - Southern Coastal Streams",9838.34636867452,FALSE,10326.16869,0.167,0.792,0.041,0,620.985227777447
"55",2007,"1 - Southern Coastal Streams",169.609065219259,FALSE,170.8023856,0.04040404,0.863636364,0.095959596,0,NA
"56",2008,"1 - Southern Coastal Streams",12692.4353686175,FALSE,12927.10021,0.395008918,0.466461382,0.137358326,0.001171374,NA
"57",2009,"1 - Southern Coastal Streams",6683.63624897765,FALSE,6815.389931,0.037342421,0.907822746,0.052348022,0.002486811,NA
"58",2010,"1 - Southern Coastal Streams",456.572007849239,FALSE,460.7805769,0.2275281,0.562395504,0.210076396,0,NA
"59",2011,"1 - Southern Coastal Streams",5902.8063837489,FALSE,6101.648662,0.017723127,0.963936844,0.017592154,0.000747876,NA
"60",2012,"1 - Southern Coastal Streams",25463.9500569983,FALSE,25763.78876,0.119489504,0.379317555,0.257687497,0,NA
"61",2013,"1 - Southern Coastal Streams",9945.80251534745,FALSE,10215.29601,NA,NA,NA,NA,NA
"62",1953,"2 - North East Vancouver Island",119757.354111128,FALSE,144448.79984,NA,NA,NA,NA,NA
"63",1954,"2 - North East Vancouver Island",95773.0355428588,FALSE,109342.756537,NA,NA,NA,NA,NA
"64",1955,"2 - North East Vancouver Island",100450.548553929,FALSE,111086.720921,NA,NA,NA,NA,62906.0585774753
"65",1956,"2 - North East Vancouver Island",55903.2620080656,FALSE,63895.047755,NA,NA,NA,NA,50103.6336786782
"66",1957,"2 - North East Vancouver Island",67520.3095743727,FALSE,71807.50789,NA,NA,NA,NA,81147.2854183101
"67",1958,"2 - North East Vancouver Island",82775.4545442446,FALSE,90374.467284,0.434782609,0.565217391,0,0,12861.9875085897
"68",1959,"2 - North East Vancouver Island",32833.9708797474,FALSE,35682.909429,0.332003384,0.645675951,0.022320665,0,39408.0772684001
"69",1960,"2 - North East Vancouver Island",55187.0886575733,FALSE,61454.986424,0.38852246,0.602150137,0.009327403,0,35841.1090554625
"70",1961,"2 - North East Vancouver Island",60885.218912132,FALSE,65251.876985,0.110520263,0.870297783,0.019181954,0,25899.0991129739
"71",1962,"2 - North East Vancouver Island",28096.0916883725,FALSE,29121.970178,0.793783478,0.18966273,0.016553792,0,49159.0511828816
"72",1963,"2 - North East Vancouver Island",23022.2840035893,FALSE,24838.036271,0.348690017,0.646197641,0.005112342,0,15994.3156374022
"73",1964,"2 - North East Vancouver Island",33703.00265372,FALSE,34704.270346,0.228833951,0.764214223,0.006951826,0,85194.3133985583
"74",1965,"2 - North East Vancouver Island",27523.9720834107,FALSE,27882.7350383,0.357271453,0.619099703,0.023628843,0,22375.0411139789
"75",1966,"2 - North East Vancouver Island",46333.3305138555,FALSE,46849.295007,0.155156647,0.830000209,0.014843144,0,34241.8095716973
"76",1967,"2 - North East Vancouver Island",22147.4336005053,FALSE,23054.965658,0.626558615,0.359890236,0.013551149,0,7989.69982279642
"77",1968,"2 - North East Vancouver Island",80245.2749718515,FALSE,84850.85127,0.167854993,0.827099929,0.005045077,0,40052.020113474
"78",1969,"2 - North East Vancouver Island",14578.9496912536,FALSE,15494.222945,0.455814611,0.507468931,0.036716458,0,37637.2089454292
"79",1970,"2 - North East Vancouver Island",26232.3902599764,FALSE,28774.873126,0.085277353,0.905354568,0.00936808,0,6802.27661699309
"80",1971,"2 - North East Vancouver Island",9920.14283990955,FALSE,10391.136299,0.415203238,0.4762568,0.108539962,0,7045.1766681895
"81",1972,"2 - North East Vancouver Island",29080.4834820755,FALSE,31827.297458,0.071381929,0.910174611,0.01844346,0,14850.7002128014
"82",1973,"2 - North East Vancouver Island",35154.1046795605,FALSE,40624.490747,0.026375264,0.807845091,0.165779645,0,15447.2896246871
"83",1974,"2 - North East Vancouver Island",9561.68156125267,FALSE,9990.624668,0.207801318,0.533806974,0.254940979,0.003450729,23656.9676099871
"84",1975,"2 - North East Vancouver Island",10844.5046549661,FALSE,11976.677021,0.563003677,0.403787627,0.033208696,0,7022.3078219113
"85",1976,"2 - North East Vancouver Island",8132.11625702554,FALSE,9196.254409,0.148130862,0.837398279,0.014470859,0,16685.2143865899
"86",1977,"2 - North East Vancouver Island",17931.209694315,FALSE,18348.489059,0.234392947,0.743433053,0.022174,0,20684.1620800113
"87",1978,"2 - North East Vancouver Island",19648.4512245593,FALSE,21498.596019,0.142596397,0.836743309,0.020660293,0,56453.2044655187
"88",1979,"2 - North East Vancouver Island",8003.70012917789,FALSE,8155.0417107,0.363502131,0.468821864,0.167676005,0,21340.9083172313
"89",1980,"2 - North East Vancouver Island",17190.2202763963,FALSE,18170.6355212,0.282814359,0.709842824,0.007342816,0,24514.5807268427
"90",1981,"2 - North East Vancouver Island",12168.1297285971,FALSE,12269.2902593,0.138790193,0.794168918,0.067040888,0,81681.6007406294
"91",1982,"2 - North East Vancouver Island",65845.3658388486,FALSE,71944.917485,0.194338101,0.725085861,0.080576039,0,119617.690801379
"92",1983,"2 - North East Vancouver Island",9332.4621549099,FALSE,9462.6967424,0.17545752,0.559505096,0.264580855,0.000456529,43016.3456529999
"93",1984,"2 - North East Vancouver Island",45176.8262187542,FALSE,45382.507148,0.492194218,0.460534284,0.045498646,0.001772852,107214.75317078
"94",1985,"2 - North East Vancouver Island",80520.6068753977,FALSE,82289.559628,0.370820705,0.605432917,0.023746378,0,33690.881060492
"95",1986,"2 - North East Vancouver Island",101776.945389457,FALSE,107862.5009593,0.112026474,0.799713213,0.088260313,0,133201.659094826
"96",1987,"2 - North East Vancouver Island",17979.5296749809,FALSE,18162.2775414,0.107184036,0.760114635,0.132491723,0.000209605,54741.0729818142
"97",1988,"2 - North East Vancouver Island",115763.691029957,FALSE,123403.107624,0.067719023,0.793794816,0.137845503,0.003546099,163766.383251187
"98",1989,"2 - North East Vancouver Island",28685.9335733432,FALSE,30285.1831651,0.121743489,0.635453626,0.238942462,0.003860422,80683.249327287
"99",1990,"2 - North East Vancouver Island",92322.8093942196,FALSE,99385.537143,0.011478832,0.92783509,0.059932613,0.000753466,83171.1511554665
"100",1991,"2 - North East Vancouver Island",87409.2382086964,FALSE,89437.239768,0.130959458,0.45693836,0.410616461,0.001485721,50609.7305609758
"101",1992,"2 - North East Vancouver Island",140669.108739662,FALSE,152404.014619,0.037362136,0.877477468,0.081375433,0.003784963,20758.8387900191
"102",1993,"2 - North East Vancouver Island",65061.2887151044,FALSE,69203.460697,0.044506774,0.699309101,0.251401203,0.004782922,71676.9613416895
"103",1994,"2 - North East Vancouver Island",95048.7850201486,FALSE,101994.248347,0.097864748,0.64105794,0.252010048,0.009067263,152777.021476435
"104",1995,"2 - North East Vancouver Island",66813.8175000706,FALSE,69913.800858,0.202224658,0.575100681,0.209931475,0.012743185,22932.6655607589
"105",1996,"2 - North East Vancouver Island",4257.30392998608,FALSE,4375.389998,0.236010961,0.673546814,0.083631793,0.006810432,5364.04477566071
"106",1997,"2 - North East Vancouver Island",75135.8151045027,FALSE,76301.4472721,0.136149443,0.816562034,0.046408017,0.000716801,78108.6280147394
"107",1998,"2 - North East Vancouver Island",163762.959692301,FALSE,171314.190711,0.12256204,0.828015044,0.048649393,0.000773523,158917.113325259
"108",1999,"2 - North East Vancouver Island",2558.04597848844,FALSE,2592.03494115,0.125920036,0.670742577,0.201360187,0.0019772,62313.0285635717
"109",2000,"2 - North East Vancouver Island",3049.38691994203,FALSE,3345.85985,0.098899426,0.837313443,0.05901642,0.004770711,9796.06810715447
"110",2001,"2 - North East Vancouver Island",75011.5220517886,FALSE,76318.172038,0.283833921,0.686866081,0.029299997,0,38519.1254994502
"111",2002,"2 - North East Vancouver Island",196568.655479166,FALSE,201602.6608978,0.199157059,0.675227201,0.125615739,0,45257.918335501
"112",2003,"2 - North East Vancouver Island",23796.1627920586,FALSE,24769.6312048,0.103552054,0.849815148,0.045304824,0.001327974,22469.1780168097
"113",2004,"2 - North East Vancouver Island",10907.3052738839,FALSE,1907.3669492,0.16331283,0.605765883,0.230921287,0.00295858,4134.28823148985
"114",2005,"2 - North East Vancouver Island",46949.676299868,FALSE,49490.834536,0.130621709,0.733028191,0.122764228,0.013585871,10071.3938814887
"115",2006,"2 - North East Vancouver Island",44754.6851423745,FALSE,47059.7827835,0.167,0.792,0.041,0,12928.335698189
"116",2007,"2 - North East Vancouver Island",15988.4953959532,FALSE,15773.7413994,0.04040404,0.863636364,0.095959596,0,NA
"117",2008,"2 - North East Vancouver Island",6943.8615332438,FALSE,7129.3471987,0.395008918,0.466461382,0.137358326,0.001171374,NA
"118",2009,"2 - North East Vancouver Island",15689.9553345322,FALSE,3274.2441725,0.037342421,0.907822746,0.052348022,0.002486811,NA
"119",2010,"2 - North East Vancouver Island",19867.6375351264,FALSE,20080.7693576,0.2275281,0.562395504,0.210076396,0,NA
"120",2011,"2 - North East Vancouver Island",90017.8058023117,FALSE,85989.077305,0.017723127,0.963936844,0.017592154,0.000747876,NA
"121",2012,"2 - North East Vancouver Island",22323.1505042672,FALSE,20684.5194305,0.119489504,0.379317555,0.257687497,0,NA
"122",2013,"2 - North East Vancouver Island",16518.7806559463,FALSE,15571.0388301,NA,NA,NA,NA,NA
"123",1953,"3 - Upper Knight",17250,FALSE,20912.88505,NA,NA,NA,NA,NA
"124",1954,"3 - Upper Knight",6500,FALSE,7807.943179,NA,NA,NA,NA,NA
"125",1955,"3 - Upper Knight",4650,FALSE,5432.209644,NA,NA,NA,NA,34417.8065466432
"126",1956,"3 - Upper Knight",18000,FALSE,22014.52332,NA,NA,NA,NA,21974.199841986
"127",1957,"3 - Upper Knight",38900,FALSE,42312.49617,NA,NA,NA,NA,49489.7447611441
"128",1958,"3 - Upper Knight",40000,FALSE,45145.07628,0.434782609,0.565217391,0,0,8448.57692297389
"129",1959,"3 - Upper Knight",20000,FALSE,22579.52566,0.332003384,0.645675951,0.022320665,0,20672.1182865375
"130",1960,"3 - Upper Knight",19250,FALSE,22563.1716,0.38852246,0.602150137,0.009327403,0,16962.1260220226
"131",1961,"3 - Upper Knight",42000,FALSE,46465.75858,0.110520263,0.870297783,0.019181954,0,5448.43812862206
"132",1962,"3 - Upper Knight",16500,FALSE,17180.30214,0.793783478,0.18966273,0.016553792,0,4503.12463877891
"133",1963,"3 - Upper Knight",9750,FALSE,10700.78217,0.348690017,0.646197641,0.005112342,0,1067.79767772251
"134",1964,"3 - Upper Knight",16500,FALSE,17241.24074,0.228833951,0.764214223,0.006951826,0,1873.87308789018
"135",1965,"3 - Upper Knight",2275,FALSE,2322.107332,0.357271453,0.619099703,0.023628843,0,432.44998914103
"136",1966,"3 - Upper Knight",4342.34035400659,FALSE,4408.832143,0.155156647,0.830000209,0.014843144,0,11344.2734322641
"137",1967,"3 - Upper Knight",998.240048114959,FALSE,1045.695691,0.626558615,0.359890236,0.013551149,0,2445.42347384617
"138",1968,"3 - Upper Knight",1350,FALSE,1467.251384,0.167854993,0.827099929,0.005045077,0,48203.0022583045
"139",1969,"3 - Upper Knight",128.805167498704,FALSE,139.4450547,0.455814611,0.507468931,0.036716458,0,37756.3068804757
"140",1970,"3 - Upper Knight",11119.3549385062,FALSE,12318.4778,0.085277353,0.905354568,0.00936808,0,6467.29440552324
"141",1971,"3 - Upper Knight",1111.93549385062,FALSE,1180.414932,0.415203238,0.4762568,0.108539962,0,5838.80837074764
"142",1972,"3 - Upper Knight",39804.7865783938,FALSE,45151.81294,0.071381929,0.910174611,0.01844346,0,24612.6153013298
"143",1973,"3 - Upper Knight",34237.6835604366,FALSE,39713.44934,0.026375264,0.807845091,0.165779645,0,4600.40326969314
"144",1974,"3 - Upper Knight",9185.71997962933,FALSE,9613.865486,0.207801318,0.533806974,0.254940979,0.003450729,9094.50675640134
"145",1975,"3 - Upper Knight",7775,FALSE,8669.212766,0.563003677,0.403787627,0.033208696,0,2421.55331333451
"146",1976,"3 - Upper Knight",20600,FALSE,23530.98741,0.148130862,0.837398279,0.014470859,0,4598.33740505214
"147",1977,"3 - Upper Knight",1180,FALSE,1218.015562,0.234392947,0.743433053,0.022174,0,2375.6626585103
"148",1978,"3 - Upper Knight",8895.48395080496,FALSE,10126.90348,0.142596397,0.836743309,0.020660293,0,4735.1160682129
"149",1979,"3 - Upper Knight",1953.55587423385,TRUE,2000.249061,0.363502131,0.468821864,0.167676005,0,1997.61491050246
"150",1980,"3 - Upper Knight",5463.10427893994,TRUE,5411.121711,0.282814359,0.709842824,0.007342816,0,2518.54885025342
"151",1981,"3 - Upper Knight",444.774197540248,FALSE,450.4220246,0.138790193,0.794168918,0.067040888,0,3073.76278153897
"152",1982,"3 - Upper Knight",5582.14535212482,TRUE,6045.535161,0.194338101,0.725085861,0.080576039,0,5650.00084615168
"153",1983,"3 - Upper Knight",1037.80646092725,FALSE,1058.621718,0.17545752,0.559505096,0.264580855,0.000456529,3836.02702929051
"154",1984,"3 - Upper Knight",5106.17602412692,TRUE,5064.608776,0.492194218,0.460534284,0.045498646,0.001772852,3484.85010347525
"155",1985,"3 - Upper Knight",15.4566200998445,FALSE,15.99117978,0.370820705,0.605432917,0.023746378,0,1790.02019934488
"156",1986,"3 - Upper Knight",5890.04414542999,FALSE,6464.720096,0.112026474,0.799713213,0.088260313,0,4893.88954292861
"157",1987,"3 - Upper Knight",3435.85908483416,FALSE,3491.423434,0.107184036,0.760114635,0.132491723,0.000209605,2096.70291425759
"158",1988,"3 - Upper Knight",2945.022072715,FALSE,3261.104662,0.067719023,0.793794816,0.137845503,0.003546099,1041.77624583125
"159",1989,"3 - Upper Knight",2005.85196598602,TRUE,2175.039388,0.121743489,0.635453626,0.238942462,0.003860422,907.272088671284
"160",1990,"3 - Upper Knight",2699.60356665541,FALSE,3010.09865,0.011478832,0.92783509,0.059932613,0.000753466,233.762248752092
"161",1991,"3 - Upper Knight",4309.84270969517,TRUE,4470.31068,0.130959458,0.45693836,0.410616461,0.001485721,410.542440282216
"162",1992,"3 - Upper Knight",148.258065846749,FALSE,167.5990749,0.037362136,0.877477468,0.081375433,0.003784963,2156.22410506577
"163",1993,"3 - Upper Knight",1114.90065516755,FALSE,1224.276593,0.044506774,0.699309101,0.251401203,0.004782922,3295.22401347972
"164",1994,"3 - Upper Knight",148.258065846749,FALSE,165.1834649,0.097864748,0.64105794,0.252010048,0.009067263,12905.0340522007
"165",1995,"3 - Upper Knight",237.212905354799,FALSE,253.8276496,0.202224658,0.575100681,0.209931475,0.012743185,2183.78122502825
"166",1996,"3 - Upper Knight",2949.54875159111,TRUE,2950.629638,0.236010961,0.673546814,0.083631793,0.006810432,3381.42612157106
"167",1997,"3 - Upper Knight",2223.87098770124,FALSE,2279.434417,0.136149443,0.816562034,0.046408017,0.000716801,1255.60212915443
"168",1998,"3 - Upper Knight",14148.2672237553,FALSE,15154.91109,0.12256204,0.828015044,0.048649393,0.000773523,3154.05810497066
"169",1999,"3 - Upper Knight",131.949678603607,FALSE,134.6589357,0.125920036,0.670742577,0.201360187,0.0019772,10112.432990099
"170",2000,"3 - Upper Knight",3716.82971077801,FALSE,3999.614417,0.098899426,0.837313443,0.05901642,0.004770711,7813.81170689771
"171",2001,"3 - Upper Knight",515.938069146688,FALSE,530.3394867,0.283833921,0.686866081,0.029299997,0,5455.73144808054
"172",2002,"3 - Upper Knight",3706.45164616873,FALSE,3861.561509,0.199157059,0.675227201,0.125615739,0,3916.24293670014
"173",2003,"3 - Upper Knight",7578.95232608583,FALSE,8055.467664,0.103552054,0.849815148,0.045304824,0.001327974,6383.52236529521
"174",2004,"3 - Upper Knight",11298.9996300387,TRUE,10527.63658,0.16331283,0.605765883,0.230921287,0.00295858,2789.50712131955
"175",2005,"3 - Upper Knight",4924.56575204468,TRUE,4906.709596,0.130621709,0.733028191,0.122764228,0.013585871,8091.39443840507
"176",2006,"3 - Upper Knight",3146.70991924978,TRUE,3406.752831,0.167,0.792,0.041,0,1859.52086653962
"177",2007,"3 - Upper Knight",7103.49627278542,TRUE,5956.540499,0.04040404,0.863636364,0.095959596,0,NA
"178",2008,"3 - Upper Knight",5597.81563505881,TRUE,4767.633318,0.395008918,0.466461382,0.137358326,0.001171374,NA
"179",2009,"3 - Upper Knight",7331.29472244851,TRUE,6206.95839,0.037342421,0.907822746,0.052348022,0.002486811,NA
"180",2010,"3 - Upper Knight",3258.32626883726,TRUE,2707.88105,0.2275281,0.562395504,0.210076396,0,NA
"181",2011,"3 - Upper Knight",5627.38886078775,TRUE,5959.354683,0.017723127,0.963936844,0.017592154,0.000747876,NA
"182",2012,"3 - Upper Knight",11190.5736968536,TRUE,9371.681999,0.119489504,0.379317555,0.257687497,0,NA
"183",2013,"3 - Upper Knight",11234.8910455729,TRUE,9363.226089,NA,NA,NA,NA,NA
"184",1953,"4 - Loughborough",26668.8757282879,FALSE,43859.65095,NA,NA,NA,NA,NA
"185",1954,"4 - Loughborough",33390.8458125845,FALSE,53882.45558,NA,NA,NA,NA,NA
"186",1955,"4 - Loughborough",10655.2243509427,FALSE,15129.386966,NA,NA,NA,NA,45446.1828799147
"187",1956,"4 - Loughborough",14986.0483104296,FALSE,24250.50705,NA,NA,NA,NA,19494.984075137
"188",1957,"4 - Loughborough",56772.5681240807,FALSE,69221.02319,NA,NA,NA,NA,32748.1219317257
"189",1958,"4 - Loughborough",38391.5661408062,FALSE,54414.184519,0.434782609,0.565217391,0,0,8267.54533265466
"190",1959,"4 - Loughborough",23926.820331525,FALSE,33558.300151,0.332003384,0.645675951,0.022320665,0,71620.3207668833
"191",1960,"4 - Loughborough",8612.66247239352,FALSE,12871.150115,0.38852246,0.602150137,0.009327403,0,124261.417874861
"192",1961,"4 - Loughborough",24605.9827733188,FALSE,31443.61928,0.110520263,0.870297783,0.019181954,0,32778.2051846912
"193",1962,"4 - Loughborough",20672.9275487185,FALSE,23081.048568,0.793783478,0.18966273,0.016553792,0,30830.7641812358
"194",1963,"4 - Loughborough",64797.2521742853,FALSE,81131.81346,0.348690017,0.646197641,0.005112342,0,33511.0601359381
"195",1964,"4 - Loughborough",114419.423359902,FALSE,125402.92159,0.228833951,0.764214223,0.006951826,0,147653.31078314
"196",1965,"4 - Loughborough",5534.03659795934,FALSE,5792.419689,0.357271453,0.619099703,0.023628843,0,38358.9168695784
"197",1966,"4 - Loughborough",32350.5149147227,FALSE,33394.12871,0.155156647,0.830000209,0.014843144,0,213108.571644946
"198",1967,"4 - Loughborough",68830.7723265306,FALSE,77053.55272,0.626558615,0.359890236,0.013551149,0,31577.2101117247
"199",1968,"4 - Loughborough",93211.045366681,FALSE,118713.31652,0.167854993,0.827099929,0.005045077,0,152276.081449901
"200",1969,"4 - Loughborough",24073.0270860202,FALSE,32327.950725,0.455814611,0.507468931,0.036716458,0,185592.030970217
"201",1970,"4 - Loughborough",157852.31229401,FALSE,216358.45982,0.085277353,0.905354568,0.00936808,0,26150.3957864275
"202",1971,"4 - Loughborough",20036.4044678636,FALSE,22958.35922,0.415203238,0.4762568,0.108539962,0,19412.3117937038
"203",1972,"4 - Loughborough",83621.8981119883,FALSE,118885.42951,0.071381929,0.910174611,0.01844346,0,36882.4122060604
"204",1973,"4 - Loughborough",131865.737287106,FALSE,207562.21198,0.026375264,0.807845091,0.165779645,0,32257.414808098
"205",1974,"4 - Loughborough",32442.8859681328,FALSE,36979.718575,0.207801318,0.533806974,0.254940979,0.003450729,36767.2930930876
"206",1975,"4 - Loughborough",21070.1530137252,FALSE,28181.051648,0.563003677,0.403787627,0.033208696,0,11086.3632246443
"207",1976,"4 - Loughborough",16598.3390833561,FALSE,24097.917286,0.148130862,0.837398279,0.014470859,0,22339.2286954817
"208",1977,"4 - Loughborough",34840.4581990128,FALSE,37738.885349,0.234392947,0.743433053,0.022174,0,31044.3394364753
"209",1978,"4 - Loughborough",20761.3529311234,FALSE,30562.722237,0.142596397,0.836743309,0.020660293,0,62773.2865835353
"210",1979,"4 - Loughborough",13246.5353224285,FALSE,14005.64859,0.363502131,0.468821864,0.167676005,0,25832.9157154873
"211",1980,"4 - Loughborough",17322.9890103056,FALSE,22072.577148,0.282814359,0.709842824,0.007342816,0,15210.4671227586
"212",1981,"4 - Loughborough",22835.7388881353,FALSE,23568.976164,0.138790193,0.794168918,0.067040888,0,49721.516804315
"213",1982,"4 - Loughborough",51013.3741307143,FALSE,75405.698613,0.194338101,0.725085861,0.080576039,0,66770.6574098151
"214",1983,"4 - Loughborough",17322.2794275808,FALSE,18086.185304,0.17545752,0.559505096,0.264580855,0.000456529,39946.8832885987
"215",1984,"4 - Loughborough",22845.390531862,FALSE,23284.266474,0.492194218,0.460534284,0.045498646,0.001772852,112864.338909355
"216",1985,"4 - Loughborough",50711.0097181284,FALSE,55330.834622,0.370820705,0.605432917,0.023746378,0,28142.5061002924
"217",1986,"4 - Loughborough",40612.2542216133,FALSE,53906.556868,0.112026474,0.799713213,0.088260313,0,148981.82515556
"218",1987,"4 - Loughborough",19338.6010499012,FALSE,20120.17021,0.107184036,0.760114635,0.132491723,0.000209605,14205.6800094875
"219",1988,"4 - Loughborough",92171.1541435174,FALSE,134597.6224,0.067719023,0.793794816,0.137845503,0.003546099,57286.4104591443
"220",1989,"4 - Loughborough",12597.8676314608,FALSE,15700.09692,0.121743489,0.635453626,0.238942462,0.003860422,29332.4521665697
"221",1990,"4 - Loughborough",107922.986056746,FALSE,150588.27139,0.011478832,0.92783509,0.059932613,0.000753466,23655.8048703469
"222",1991,"4 - Loughborough",15785.3957932476,FALSE,17401.992245,0.130959458,0.45693836,0.410616461,0.001485721,23443.2788545787
"223",1992,"4 - Loughborough",39196.5937980348,FALSE,53848.28618,0.037362136,0.877477468,0.081375433,0.003784963,18729.2258694168
"224",1993,"4 - Loughborough",23741.0234715476,FALSE,30010.34507,0.044506774,0.699309101,0.251401203,0.004782922,14145.7109853566
"225",1994,"4 - Loughborough",17797.435919738,FALSE,23398.49635,0.097864748,0.64105794,0.252010048,0.009067263,53604.5349426192
"226",1995,"4 - Loughborough",28196.7558704199,FALSE,34324.35102,0.202224658,0.575100681,0.209931475,0.012743185,13369.0102866127
"227",1996,"4 - Loughborough",15108.2895598453,FALSE,16825.322884,0.236010961,0.673546814,0.083631793,0.006810432,7395.09308328577
"228",1997,"4 - Loughborough",8283.04179612433,FALSE,8790.917743,0.136149443,0.816562034,0.046408017,0.000716801,44554.1552381673
"229",1998,"4 - Loughborough",46302.5661266817,FALSE,61257.44189,0.12256204,0.828015044,0.048649393,0.000773523,54205.0737835905
"230",1999,"4 - Loughborough",7819.43644579214,FALSE,8235.547611,0.125920036,0.670742577,0.201360187,0.0019772,32304.2919790907
"231",2000,"4 - Loughborough",4827.08274127219,FALSE,5714.355696,0.098899426,0.837313443,0.05901642,0.004770711,18165.4483524464
"232",2001,"4 - Loughborough",49981.791121619,FALSE,53698.4966,0.283833921,0.686866081,0.029299997,0,22445.8723975884
"233",2002,"4 - Loughborough",48903.3048690502,FALSE,56368.58105,0.199157059,0.675227201,0.125615739,0,17811.0973262378
"234",2003,"4 - Loughborough",14912.5198902125,FALSE,18488.208099,0.103552054,0.849815148,0.045304824,0.001327974,31408.7594649014
"235",2004,"4 - Loughborough",17312.5377117946,FALSE,21772.174852,0.16331283,0.605765883,0.230921287,0.00295858,15522.4501040077
"236",2005,"4 - Loughborough",18068.1882203189,FALSE,24943.06163,0.130621709,0.733028191,0.122764228,0.013585871,52765.6880797254
"237",2006,"4 - Loughborough",11258.9665530035,FALSE,14786.086893,0.167,0.792,0.041,0,5435.75330284208
"238",2007,"4 - Loughborough",25801.792825461,FALSE,29308.718132,0.04040404,0.863636364,0.095959596,0,NA
"239",2008,"4 - Loughborough",22726.0152901392,FALSE,25575.450671,0.395008918,0.466461382,0.137358326,0.001171374,NA
"240",2009,"4 - Loughborough",39790.3283035324,FALSE,46005.547621,0.037342421,0.907822746,0.052348022,0.002486811,NA
"241",2010,"4 - Loughborough",3781.43130197467,FALSE,3976.1092166,0.2275281,0.562395504,0.210076396,0,NA
"242",2011,"4 - Loughborough",70549.8573253181,FALSE,84222.13837,0.017723127,0.963936844,0.017592154,0.000747876,NA
"243",2012,"4 - Loughborough",34184.7794203859,FALSE,36991.143413,0.119489504,0.379317555,0.257687497,0,NA
"244",2013,"4 - Loughborough",17381.8393826809,FALSE,20145.653927,NA,NA,NA,NA,NA
"245",1953,"5 - Bute Inlet",25500,FALSE,52278.14525,NA,NA,NA,NA,NA
"246",1954,"5 - Bute Inlet",18000,FALSE,35860.66691,NA,NA,NA,NA,NA
"247",1955,"5 - Bute Inlet",7950,FALSE,13103.66238,NA,NA,NA,NA,29549.3570620314
"248",1956,"5 - Bute Inlet",4850,FALSE,9260.005503,NA,NA,NA,NA,13988.1163369287
"249",1957,"5 - Bute Inlet",89500,FALSE,113289.89,NA,NA,NA,NA,13616.4874724986
"250",1958,"5 - Bute Inlet",20750,FALSE,31872.8858,0.434782609,0.565217391,0,0,3153.27935383019
"251",1959,"5 - Bute Inlet",16150,FALSE,24164.60228,0.332003384,0.645675951,0.022320665,0,15483.7467574917
"252",1960,"5 - Bute Inlet",5600,FALSE,9550.145938,0.38852246,0.602150137,0.009327403,0,24179.8137473725
"253",1961,"5 - Bute Inlet",8150,FALSE,11196.19628,0.110520263,0.870297783,0.019181954,0,7922.36907459292
"254",1962,"5 - Bute Inlet",8500,FALSE,9787.272837,0.793783478,0.18966273,0.016553792,0,11627.3727836725
"255",1963,"5 - Bute Inlet",8150,FALSE,11656.47972,0.348690017,0.646197641,0.005112342,0,6926.68655164485
"256",1964,"5 - Bute Inlet",23446.1842477849,FALSE,26235.06218,0.228833951,0.764214223,0.006951826,0,30525.5187746664
"257",1965,"5 - Bute Inlet",2662.01218533802,FALSE,2797.76612,0.357271453,0.619099703,0.023628843,0,10471.7105527811
"258",1966,"5 - Bute Inlet",12150,FALSE,12584.93263,0.155156647,0.830000209,0.014843144,0,21348.6175528673
"259",1967,"5 - Bute Inlet",11275,FALSE,13453.77456,0.626558615,0.359890236,0.013551149,0,8853.30006906789
"260",1968,"5 - Bute Inlet",19146.0107176235,FALSE,26197.519,0.167854993,0.827099929,0.005045077,0,240587.966791107
"261",1969,"5 - Bute Inlet",7998.94149773577,FALSE,11656.19829,0.455814611,0.507468931,0.036716458,0,98644.6964155335
"262",1970,"5 - Bute Inlet",11225,FALSE,16990.42906,0.085277353,0.905354568,0.00936808,0,30001.4134211581
"263",1971,"5 - Bute Inlet",5194.11785567258,FALSE,6017.963244,0.415203238,0.4762568,0.108539962,0,15194.124818024
"264",1972,"5 - Bute Inlet",155823.535670177,FALSE,246065.8323,0.071381929,0.910174611,0.01844346,0,30179.3627772374
"265",1973,"5 - Bute Inlet",44150.0017732169,FALSE,84141.90487,0.026375264,0.807845091,0.165779645,0,81536.0600909192
"266",1974,"5 - Bute Inlet",43718.4308899744,FALSE,51409.61606,0.207801318,0.533806974,0.254940979,0.003450729,264657.43896416
"267",1975,"5 - Bute Inlet",7271.76499794161,FALSE,10218.314,0.563003677,0.403787627,0.033208696,0,59785.8133899986
"268",1976,"5 - Bute Inlet",15582.3535670177,FALSE,26612.80031,0.148130862,0.837398279,0.014470859,0,164708.323135825
"269",1977,"5 - Bute Inlet",88300.0035464338,FALSE,96550.06961,0.234392947,0.743433053,0.022174,0,191277.898767966
"270",1978,"5 - Bute Inlet",176600.007092868,FALSE,281475.6801,0.142596397,0.836743309,0.020660293,0,283516.824043555
"271",1979,"5 - Bute Inlet",36358.824989708,FALSE,38788.44588,0.363502131,0.468821864,0.167676005,0,119776.279893141
"272",1980,"5 - Bute Inlet",148483.968145633,FALSE,199313.7327,0.282814359,0.709842824,0.007342816,0,69188.3026375715
"273",1981,"5 - Bute Inlet",131151.475855733,FALSE,136144.0427,0.138790193,0.794168918,0.067040888,0,142255.236401699
"274",1982,"5 - Bute Inlet",207764.714226903,FALSE,331944.7297,0.194338101,0.725085861,0.080576039,0,354012.140926432
"275",1983,"5 - Bute Inlet",85517.1414539839,FALSE,89708.74832,0.17545752,0.559505096,0.264580855,0.000456529,134290.436310143
"276",1984,"5 - Bute Inlet",109076.474969124,FALSE,111525.7286,0.492194218,0.460534284,0.045498646,0.001772852,161954.61460055
"277",1985,"5 - Bute Inlet",79470.0031917904,FALSE,87878.94165,0.370820705,0.605432917,0.023746378,0,33567.1745176946
"278",1986,"5 - Bute Inlet",274392.025257919,FALSE,386810.5163,0.112026474,0.799713213,0.088260313,0,43449.9783567275
"279",1987,"5 - Bute Inlet",82586.473905194,FALSE,86335.72758,0.107184036,0.760114635,0.132491723,0.000209605,48910.6177016507
"280",1988,"5 - Bute Inlet",112712.357468095,FALSE,182893.8541,0.067719023,0.793794816,0.137845503,0.003546099,341059.427595961
"281",1989,"5 - Bute Inlet",22854.1185649593,FALSE,31414.36143,0.121743489,0.635453626,0.238942462,0.003860422,253002.594270058
"282",1990,"5 - Bute Inlet",12465.8828536142,FALSE,19091.42874,0.011478832,0.92783509,0.059932613,0.000753466,131215.347887659
"283",1991,"5 - Bute Inlet",44934.1556099485,FALSE,50623.44537,0.130959458,0.45693836,0.410616461,0.001485721,62218.3853350037
"284",1992,"5 - Bute Inlet",197376.478515558,FALSE,297220.0539,0.037362136,0.877477468,0.081375433,0.003784963,35897.1618616544
"285",1993,"5 - Bute Inlet",200492.949228961,FALSE,287118.5671,0.044506774,0.699309101,0.251401203,0.004782922,32505.8490361958
"286",1994,"5 - Bute Inlet",106479.416041288,FALSE,159249.2818,0.097864748,0.64105794,0.252010048,0.009067263,31689.4019118677
"287",1995,"5 - Bute Inlet",59212.9435546674,FALSE,76964.43274,0.202224658,0.575100681,0.209931475,0.012743185,11915.7282194569
"288",1996,"5 - Bute Inlet",24572.420172351,FALSE,28097.08484,0.236010961,0.673546814,0.083631793,0.006810432,13812.0868278034
"289",1997,"5 - Bute Inlet",27797.550319972,FALSE,29837.0645,0.136149443,0.816562034,0.046408017,0.000716801,49000.9553616376
"290",1998,"5 - Bute Inlet",20686.2217012129,FALSE,30606.45828,0.12256204,0.828015044,0.048649393,0.000773523,66266.1413969241
"291",1999,"5 - Bute Inlet",10392.0860312234,FALSE,11040.53606,0.125920036,0.670742577,0.201360187,0.0019772,53798.9286310942
"292",2000,"5 - Bute Inlet",10343.1108506064,FALSE,12863.88851,0.098899426,0.837313443,0.05901642,0.004770711,12506.0970572534
"293",2001,"5 - Bute Inlet",51715.5542530322,FALSE,56339.77884,0.283833921,0.686866081,0.029299997,0,42362.5749746605
"294",2002,"5 - Bute Inlet",58772.1416308584,FALSE,71414.45164,0.199157059,0.675227201,0.125615739,0,35289.1449512367
"295",2003,"5 - Bute Inlet",34500.7391310541,FALSE,45228.2632,0.103552054,0.849815148,0.045304824,0.001327974,12397.5830041215
"296",2004,"5 - Bute Inlet",1247.5836145821,FALSE,1677.245356,0.16331283,0.605765883,0.230921287,0.00295858,22815.3257355703
"297",2005,"5 - Bute Inlet",38499.973495496,TRUE,55444.48575,0.130621709,0.733028191,0.122764228,0.013585871,73159.4337236774
"298",2006,"5 - Bute Inlet",24600.7982407038,TRUE,35275.32192,0.167,0.792,0.041,0,15512.8690015042
"299",2007,"5 - Bute Inlet",507.491639830007,FALSE,615.8033228,0.04040404,0.863636364,0.095959596,0,NA
"300",2008,"5 - Bute Inlet",43763.40258894,TRUE,42466.5984,0.395008918,0.466461382,0.137358326,0.001171374,NA
"301",2009,"5 - Bute Inlet",57315.6429853222,TRUE,56953.75873,0.037342421,0.907822746,0.052348022,0.002486811,NA
"302",2010,"5 - Bute Inlet",25473.4084802966,TRUE,22086.31836,0.2275281,0.562395504,0.210076396,0,NA
"303",2011,"5 - Bute Inlet",43994.6043768881,TRUE,54844.4278,0.017723127,0.963936844,0.017592154,0.000747876,NA
"304",2012,"5 - Bute Inlet",87487.2653592608,TRUE,79872.36807,0.119489504,0.379317555,0.257687497,0,NA
"305",2013,"5 - Bute Inlet",87833.7358577761,TRUE,83980.18104,NA,NA,NA,NA,NA
"306",1953,"6 - Georgia Strait",321917.988289138,FALSE,1351235.847372,NA,NA,NA,NA,NA
"307",1954,"6 - Georgia Strait",439510.048689443,FALSE,1905739.857889,NA,NA,NA,NA,NA
"308",1955,"6 - Georgia Strait",149242.800080146,FALSE,393420.770428,NA,NA,NA,NA,939207.316681436
"309",1956,"6 - Georgia Strait",177788.800417473,FALSE,439775.703765,NA,NA,NA,NA,453202.721082652
"310",1957,"6 - Georgia Strait",352149.029275955,FALSE,535199.3107441,NA,NA,NA,NA,400593.800495595
"311",1958,"6 - Georgia Strait",463997.74273884,FALSE,1088827.357042,0.434782609,0.565217391,0,0,92217.1064942115
"312",1959,"6 - Georgia Strait",276043.044948098,FALSE,716391.931053,0.332003384,0.645675951,0.022320665,0,367468.072617517
"313",1960,"6 - Georgia Strait",142284.666901066,FALSE,348122.2227418,0.38852246,0.602150137,0.009327403,0,213732.197027299
"314",1961,"6 - Georgia Strait",160120.706983481,FALSE,299048.3443992,0.110520263,0.870297783,0.019181954,0,129231.413777303
"315",1962,"6 - Georgia Strait",191448.349291757,FALSE,306841.2962322,0.793783478,0.18966273,0.016553792,0,316187.406570146
"316",1963,"6 - Georgia Strait",111083.252841027,FALSE,189706.968227,0.348690017,0.646197641,0.005112342,0,136952.747454924
"317",1964,"6 - Georgia Strait",157534.458694177,FALSE,189061.9746155,0.228833951,0.764214223,0.006951826,0,640402.176597968
"318",1965,"6 - Georgia Strait",118292.159571393,FALSE,131171.0870303,0.357271453,0.619099703,0.023628843,0,346399.308613104
"319",1966,"6 - Georgia Strait",298723.304924389,FALSE,320662.1265367,0.155156647,0.830000209,0.014843144,0,646405.784386229
"320",1967,"6 - Georgia Strait",186918.388853352,FALSE,234230.2982128,0.626558615,0.359890236,0.013551149,0,140304.682731322
"321",1968,"6 - Georgia Strait",392875.550198102,FALSE,575350.937051,0.167854993,0.827099929,0.005045077,0,1257946.99828628
"322",1969,"6 - Georgia Strait",284076.859003719,FALSE,483991.298228,0.455814611,0.507468931,0.036716458,0,1091155.17037531
"323",1970,"6 - Georgia Strait",210063.961674511,FALSE,449743.637629,0.085277353,0.905354568,0.00936808,0,266245.377465588
"324",1971,"6 - Georgia Strait",137902.610454179,FALSE,171531.4982393,0.415203238,0.4762568,0.108539962,0,201304.335774851
"325",1972,"6 - Georgia Strait",446291.166074934,FALSE,1098421.518255,0.071381929,0.910174611,0.01844346,0,417266.776115131
"326",1973,"6 - Georgia Strait",323005.150322085,FALSE,1118945.305053,0.026375264,0.807845091,0.165779645,0,344394.864700801
"327",1974,"6 - Georgia Strait",314813.562972902,FALSE,426817.423348,0.207801318,0.533806974,0.254940979,0.003450729,738914.592314196
"328",1975,"6 - Georgia Strait",161062.016850729,FALSE,267844.977574,0.563003677,0.403787627,0.033208696,0,205160.292248777
"329",1976,"6 - Georgia Strait",144449.129285617,FALSE,308110.57998,0.148130862,0.837398279,0.014470859,0,497515.932925346
"330",1977,"6 - Georgia Strait",336132.326037814,FALSE,381428.6758385,0.234392947,0.743433053,0.022174,0,520823.250058979
"331",1978,"6 - Georgia Strait",399898.998838849,FALSE,735105.446795,0.142596397,0.836743309,0.020660293,0,690423.890793253
"332",1979,"6 - Georgia Strait",183889.093150884,FALSE,205252.0090691,0.363502131,0.468821864,0.167676005,0,377785.862646071
"333",1980,"6 - Georgia Strait",371147.595214958,FALSE,559768.165131,0.282814359,0.709842824,0.007342816,0,302841.591896478
"334",1981,"6 - Georgia Strait",338129.364673906,FALSE,381244.5789025,0.138790193,0.794168918,0.067040888,0,808221.168840857
"335",1982,"6 - Georgia Strait",342955.069964312,FALSE,739258.22286,0.194338101,0.725085861,0.080576039,0,832275.17425764
"336",1983,"6 - Georgia Strait",316455.482194773,FALSE,380438.33414,0.17545752,0.559505096,0.264580855,0.000456529,701269.218183823
"337",1984,"6 - Georgia Strait",406571.50719825,FALSE,467324.605698,0.492194218,0.460534284,0.045498646,0.001772852,991501.021299308
"338",1985,"6 - Georgia Strait",585764.901645084,FALSE,878947.627071,0.370820705,0.605432917,0.023746378,0,355342.972146536
"339",1986,"6 - Georgia Strait",292861.76445262,FALSE,520348.002836,0.112026474,0.799713213,0.088260313,0,1348659.6253999
"340",1987,"6 - Georgia Strait",470821.625372091,FALSE,652640.157047,0.107184036,0.760114635,0.132491723,0.000209605,479947.804705704
"341",1988,"6 - Georgia Strait",442245.489075973,FALSE,1055978.244498,0.067719023,0.793794816,0.137845503,0.003546099,1555294.19996939
"342",1989,"6 - Georgia Strait",181164.725285054,FALSE,345371.3462303,0.121743489,0.635453626,0.238942462,0.003860422,1269057.65671703
"343",1990,"6 - Georgia Strait",457178.563463105,FALSE,1054432.645297,0.011478832,0.92783509,0.059932613,0.000753466,720388.297739258
"344",1991,"6 - Georgia Strait",396819.525687615,FALSE,788020.884257,0.130959458,0.45693836,0.410616461,0.001485721,286846.363228256
"345",1992,"6 - Georgia Strait",469967.795527793,FALSE,1241480.477725,0.037362136,0.877477468,0.081375433,0.003784963,283066.520888424
"346",1993,"6 - Georgia Strait",561535.553783255,FALSE,1409424.527718,0.044506774,0.699309101,0.251401203,0.004782922,387186.221652154
"347",1994,"6 - Georgia Strait",424064.83527282,FALSE,925664.569654,0.097864748,0.64105794,0.252010048,0.009067263,932451.467679336
"348",1995,"6 - Georgia Strait",202268.884672712,FALSE,296089.4180458,0.202224658,0.575100681,0.209931475,0.012743185,364753.335929429
"349",1996,"6 - Georgia Strait",243990.917305205,FALSE,307799.622466,0.236010961,0.673546814,0.083631793,0.006810432,193269.08012506
"350",1997,"6 - Georgia Strait",273245.801205724,FALSE,325575.88501,0.136149443,0.816562034,0.046408017,0.000716801,608249.754992619
"351",1998,"6 - Georgia Strait",501798.876463604,FALSE,986594.216309,0.12256204,0.828015044,0.048649393,0.000773523,838270.610319304
"352",1999,"6 - Georgia Strait",269138.76975002,FALSE,350000.158131,0.125920036,0.670742577,0.201360187,0.0019772,992647.294773225
"353",2000,"6 - Georgia Strait",121428.44557632,FALSE,153759.3793592,0.098899426,0.837313443,0.05901642,0.004770711,692756.995014391
"354",2001,"6 - Georgia Strait",518646.401318682,FALSE,698029.159812,0.283833921,0.686866081,0.029299997,0,650291.234288092
"355",2002,"6 - Georgia Strait",445138.855581087,FALSE,896812.040093,0.199157059,0.675227201,0.125615739,0,658582.406172632
"356",2003,"6 - Georgia Strait",515075.080023443,FALSE,705420.473373,0.103552054,0.849815148,0.045304824,0.001327974,722639.636987611
"357",2004,"6 - Georgia Strait",604325.354158939,FALSE,890772.894521,0.16331283,0.605765883,0.230921287,0.00295858,261469.215434976
"358",2005,"6 - Georgia Strait",393563.128826546,FALSE,652546.986741,0.130621709,0.733028191,0.122764228,0.013585871,662219.523232393
"359",2006,"6 - Georgia Strait",390364.282051172,FALSE,645884.26252,0.167,0.792,0.041,0,177603.794064059
"360",2007,"6 - Georgia Strait",489880.664002134,FALSE,638554.992807,0.04040404,0.863636364,0.095959596,0,NA
"361",2008,"6 - Georgia Strait",370783.372954936,FALSE,452279.5557524,0.395008918,0.466461382,0.137358326,0.001171374,NA
"362",2009,"6 - Georgia Strait",362684.912825974,FALSE,471805.168432,0.037342421,0.907822746,0.052348022,0.002486811,NA
"363",2010,"6 - Georgia Strait",253378.263469329,FALSE,260239.9109038,0.2275281,0.562395504,0.210076396,0,NA
"364",2011,"6 - Georgia Strait",485352.393827415,FALSE,774645.957558,0.017723127,0.963936844,0.017592154,0.000747876,NA
"365",2012,"6 - Georgia Strait",662398.754085107,FALSE,887395.577167,0.119489504,0.379317555,0.257687497,0,NA
"366",2013,"6 - Georgia Strait",490559.434731058,FALSE,583351.014185,NA,NA,NA,NA,NA
"367",1953,"7 - Howe Sound-Burrard Inlet",40063.1224781759,FALSE,281516.30003,NA,NA,NA,NA,NA
"368",1954,"7 - Howe Sound-Burrard Inlet",97258.929853523,FALSE,447658.33596,NA,NA,NA,NA,NA
"369",1955,"7 - Howe Sound-Burrard Inlet",41790.3391398829,FALSE,127004.83527,NA,NA,NA,NA,378067.190068682
"370",1956,"7 - Howe Sound-Burrard Inlet",20901.0990857263,FALSE,59810.921144,NA,NA,NA,NA,253265.879879928
"371",1957,"7 - Howe Sound-Burrard Inlet",112535.031026096,FALSE,159197.72576,NA,NA,NA,NA,148510.793473487
"372",1958,"7 - Howe Sound-Burrard Inlet",124358.537903801,FALSE,221987.19693,0.434782609,0.565217391,0,0,30686.8620732814
"373",1959,"7 - Howe Sound-Burrard Inlet",257596.551982764,FALSE,433473.68656,0.332003384,0.645675951,0.022320665,0,154918.314431913
"374",1960,"7 - Howe Sound-Burrard Inlet",85300.7555136447,FALSE,178772.44285,0.38852246,0.602150137,0.009327403,0,97468.7719729006
"375",1961,"7 - Howe Sound-Burrard Inlet",50437.5743067693,FALSE,88796.90323,0.110520263,0.870297783,0.019181954,0,37786.5782161516
"376",1962,"7 - Howe Sound-Burrard Inlet",80315.646425185,FALSE,107161.92271,0.793783478,0.18966273,0.016553792,0,52503.9850066196
"377",1963,"7 - Howe Sound-Burrard Inlet",68260.1538583215,FALSE,107266.3295,0.348690017,0.646197641,0.005112342,0,38817.003975182
"378",1964,"7 - Howe Sound-Burrard Inlet",60896.5286688319,FALSE,77634.513921,0.228833951,0.764214223,0.006951826,0,273594.258626679
"379",1965,"7 - Howe Sound-Burrard Inlet",25759.0010702338,FALSE,31176.896046,0.357271453,0.619099703,0.023628843,0,136640.788095558
"380",1966,"7 - Howe Sound-Burrard Inlet",43187.9769187503,FALSE,48477.504436,0.155156647,0.830000209,0.014843144,0,377432.050313212
"381",1967,"7 - Howe Sound-Burrard Inlet",64173.2327657691,FALSE,83316.27396,0.626558615,0.359890236,0.013551149,0,80939.7772364094
"382",1968,"7 - Howe Sound-Burrard Inlet",178647.002447293,FALSE,259794.53512,0.167854993,0.827099929,0.005045077,0,927038.558829364
"383",1969,"7 - Howe Sound-Burrard Inlet",110675.728480139,FALSE,177459.59741,0.455814611,0.507468931,0.036716458,0,782672.5480205
"384",1970,"7 - Howe Sound-Burrard Inlet",183250.582439408,FALSE,317860.86671,0.085277353,0.905354568,0.00936808,0,171343.248100112
"385",1971,"7 - Howe Sound-Burrard Inlet",60955.2350918958,FALSE,80768.273046,0.415203238,0.4762568,0.108539962,0,124357.920334521
"386",1972,"7 - Howe Sound-Burrard Inlet",465238.883742634,FALSE,833195.32445,0.071381929,0.910174611,0.01844346,0,400427.175296971
"387",1973,"7 - Howe Sound-Burrard Inlet",362678.846106792,FALSE,809591.53169,0.026375264,0.807845091,0.165779645,0,229450.841156049
"388",1974,"7 - Howe Sound-Burrard Inlet",203955.011643887,FALSE,271329.12962,0.207801318,0.533806974,0.254940979,0.003450729,344168.173377968
"389",1975,"7 - Howe Sound-Burrard Inlet",99325.9130981374,FALSE,155160.4459,0.563003677,0.403787627,0.033208696,0,80067.4586766776
"390",1976,"7 - Howe Sound-Burrard Inlet",177082.09930389,FALSE,367877.354998,0.148130862,0.837398279,0.014470859,0,390530.980399854
"391",1977,"7 - Howe Sound-Burrard Inlet",198095.871811107,FALSE,226003.86813,0.234392947,0.743433053,0.022174,0,341000.413616045
"392",1978,"7 - Howe Sound-Burrard Inlet",185254.629838167,FALSE,335818.36309,0.142596397,0.836743309,0.020660293,0,315206.552575926
"393",1979,"7 - Howe Sound-Burrard Inlet",53793.4955637074,FALSE,60835.73102,0.363502131,0.468821864,0.167676005,0,165884.807156215
"394",1980,"7 - Howe Sound-Burrard Inlet",336978.392640693,FALSE,498425.84085,0.282814359,0.709842824,0.007342816,0,151318.315104801
"395",1981,"7 - Howe Sound-Burrard Inlet",203323.057821514,FALSE,217972.29341,0.138790193,0.794168918,0.067040888,0,585930.047173715
"396",1982,"7 - Howe Sound-Burrard Inlet",196025.157965866,FALSE,333320.609281,0.194338101,0.725085861,0.080576039,0,663211.197733705
"397",1983,"7 - Howe Sound-Burrard Inlet",148691.281629227,FALSE,161992.12468,0.17545752,0.559505096,0.264580855,0.000456529,204391.9611778
"398",1984,"7 - Howe Sound-Burrard Inlet",212028.581323031,FALSE,230171.545194,0.492194218,0.460534284,0.045498646,0.001772852,302010.827081858
"399",1985,"7 - Howe Sound-Burrard Inlet",445696.348017348,FALSE,711421.796024,0.370820705,0.605432917,0.023746378,0,135136.845478842
"400",1986,"7 - Howe Sound-Burrard Inlet",286305.178811044,FALSE,474654.88743,0.112026474,0.799713213,0.088260313,0,353996.728316093
"401",1987,"7 - Howe Sound-Burrard Inlet",114397.033864407,FALSE,141129.101701,0.107184036,0.760114635,0.132491723,0.000209605,158384.891169471
"402",1988,"7 - Howe Sound-Burrard Inlet",135990.40487159,FALSE,314442.10585,0.067719023,0.793794816,0.137845503,0.003546099,519959.169968223
"403",1989,"7 - Howe Sound-Burrard Inlet",85394.1727436787,FALSE,155247.768131,0.121743489,0.635453626,0.238942462,0.003860422,342279.992549862
"404",1990,"7 - Howe Sound-Burrard Inlet",130580.238157304,FALSE,247181.520348,0.011478832,0.92783509,0.059932613,0.000753466,410737.997407923
"405",1991,"7 - Howe Sound-Burrard Inlet",166422.386151606,FALSE,253171.149629,0.130959458,0.45693836,0.410616461,0.001485721,185775.342913554
"406",1992,"7 - Howe Sound-Burrard Inlet",204841.010178042,FALSE,474613.27838,0.037362136,0.877477468,0.081375433,0.003784963,228312.406526409
"407",1993,"7 - Howe Sound-Burrard Inlet",146376.013382175,FALSE,259687.504287,0.044506774,0.699309101,0.251401203,0.004782922,377530.112285955
"408",1994,"7 - Howe Sound-Burrard Inlet",303279.980884205,FALSE,557588.83995,0.097864748,0.64105794,0.252010048,0.009067263,244704.598945727
"409",1995,"7 - Howe Sound-Burrard Inlet",130188.964378361,FALSE,190501.920178,0.202224658,0.575100681,0.209931475,0.012743185,110539.545271593
"410",1996,"7 - Howe Sound-Burrard Inlet",199873.204511115,FALSE,255643.422526,0.236010961,0.673546814,0.083631793,0.006810432,366026.195822984
"411",1997,"7 - Howe Sound-Burrard Inlet",281405.039515281,FALSE,375766.472917,0.136149443,0.816562034,0.046408017,0.000716801,615103.853585591
"412",1998,"7 - Howe Sound-Burrard Inlet",114048.86094111,FALSE,209213.228908,0.12256204,0.828015044,0.048649393,0.000773523,823281.56825094
"413",1999,"7 - Howe Sound-Burrard Inlet",70753.9648790434,FALSE,91407.2598672,0.125920036,0.670742577,0.201360187,0.0019772,1361593.61414523
"414",2000,"7 - Howe Sound-Burrard Inlet",324154.087847926,FALSE,399671.8896505,0.098899426,0.837313443,0.05901642,0.004770711,1214508.27195325
"415",2001,"7 - Howe Sound-Burrard Inlet",555492.303843117,FALSE,678004.996938,0.283833921,0.686866081,0.029299997,0,691383.752732525
"416",2002,"7 - Howe Sound-Burrard Inlet",576512.791490383,FALSE,864999.35419,0.199157059,0.675227201,0.125615739,0,216316.396811935
"417",2003,"7 - Howe Sound-Burrard Inlet",662505.826964353,FALSE,918967.430462,0.103552054,0.849815148,0.045304824,0.001327974,813454.279049462
"418",2004,"7 - Howe Sound-Burrard Inlet",1251451.95399392,FALSE,1735968.274341,0.16331283,0.605765883,0.230921287,0.00295858,351395.672341801
"419",2005,"7 - Howe Sound-Burrard Inlet",310445.801600254,FALSE,551927.491481,0.130621709,0.733028191,0.122764228,0.013585871,1114974.93346341
"420",2006,"7 - Howe Sound-Burrard Inlet",44570.0076586746,FALSE,80474.400395,0.167,0.792,0.041,0,184921.884088901
"421",2007,"7 - Howe Sound-Burrard Inlet",653679.672233977,FALSE,831698.0768845,0.04040404,0.863636364,0.095959596,0,NA
"422",2008,"7 - Howe Sound-Burrard Inlet",477724.265837341,FALSE,578421.6364288,0.395008918,0.466461382,0.137358326,0.001171374,NA
"423",2009,"7 - Howe Sound-Burrard Inlet",741897.376135712,FALSE,916564.7952879,0.037342421,0.907822746,0.052348022,0.002486811,NA
"424",2010,"7 - Howe Sound-Burrard Inlet",241065.678710589,FALSE,257877.5620974,0.2275281,0.562395504,0.210076396,0,NA
"425",2011,"7 - Howe Sound-Burrard Inlet",243753.548142429,FALSE,322072.790144,0.017723127,0.963936844,0.017592154,0.000747876,NA
"426",2012,"7 - Howe Sound-Burrard Inlet",1036564.37536165,FALSE,1206581.01161,0.119489504,0.379317555,0.257687497,0,NA
"427",2013,"7 - Howe Sound-Burrard Inlet",1253582.0807954,FALSE,1520905.401974,NA,NA,NA,NA,NA
