"CU_Name","Year","Escape","SumRawEsc","EscAvg","GroupSum","Props","Present","PresentProps","inverse_prop","GroupCount","GroupEsc","ContrEsc","SiteEsc"
"1 - Southern Coastal Streams","1953",104081.952514981,102075,16078.180691523,578158.006837402,0.0278093194271799,1,0.0278093194271799,1,655239.293121711,655239.293121711,18221.7588036612,104081.952514981
"1 - Southern Coastal Streams","1954",124857.556556056,122450,16078.180691523,578158.006837402,0.0278093194271799,1,0.0278093194271799,1,815290.416454465,815290.416454465,22672.6716171007,124857.556556056
"1 - Southern Coastal Streams","1955",58683.9277127551,57600,16078.180691523,578158.006837402,0.0278093194271799,1,0.0278093194271799,1,373422.839837656,373422.839837656,10384.63503445,58683.9277127551
"1 - Southern Coastal Streams","1956",63455.6619764978,61325,16078.180691523,578158.006837402,0.0278093194271799,1,0.0278093194271799,1,355884.871798192,355884.871798192,9896.91607913689,63455.6619764978
"1 - Southern Coastal Streams","1957",108030.27510905,102350,16078.180691523,578158.006837402,0.0278093194271799,1,0.0278093194271799,1,825407.213109553,825407.213109553,22954.0128468619,108030.27510905
"1 - Southern Coastal Streams","1958",125461.427583636,121025,16078.180691523,578158.006837402,0.0278093194271799,1,0.0278093194271799,1,895734.728911328,895734.728911328,24909.7731983135,125461.427583636
"1 - Southern Coastal Streams","1959",23975.3848197415,22575,16078.180691523,578158.006837402,0.0278093194271799,1,0.0278093194271799,1,650525.772961875,650525.772961875,18090.6790159099,23975.3848197415
"1 - Southern Coastal Streams","1960",16849.2019697984,15775,16078.180691523,578158.006837402,0.0278093194271799,1,0.0278093194271799,1,333084.375514476,333084.375514476,9262.84979488481,16849.2019697984
"1 - Southern Coastal Streams","1961",51959.6871060146,46150,16078.180691523,578158.006837402,0.0278093194271799,1,0.0278093194271799,1,398159.170081716,398159.170081716,11072.5355436633,51959.6871060146
"1 - Southern Coastal Streams","1962",89216.117601596,83375,16078.180691523,578158.006837402,0.0278093194271799,1,0.0278093194271799,1,434749.132555629,434749.132555629,12090.0774979288,89216.117601596
"1 - Southern Coastal Streams","1963",53865.8959024107,43700,16078.180691523,578158.006837402,0.0278093194271799,1,0.0278093194271799,1,338928.838779634,338928.838779634,9425.38034070599,53865.8959024107
"1 - Southern Coastal Streams","1964",44139.9082586607,41250,16078.180691523,578158.006837402,0.0278093194271799,1,0.0278093194271799,1,450639.505883077,450639.505883077,12531.977965609,44139.9082586607
"1 - Southern Coastal Streams","1965",2938.9305615511,2725,16078.180691523,578158.006837402,0.0278093194271799,1,0.0278093194271799,1,184985.112069886,184985.112069886,5144.31007082412,2938.9305615511
"1 - Southern Coastal Streams","1966",15270.9930911104,14425,16078.180691523,578158.006837402,0.0278093194271799,1,0.0278093194271799,1,452358.460716835,452358.460716835,12579.7809296619,15270.9930911104
"1 - Southern Coastal Streams","1967",54448.2563031631,49750,16078.180691523,578158.006837402,0.0278093194271799,1,0.0278093194271799,1,408791.323897436,408791.323897436,11368.2085053235,54448.2563031631
"1 - Southern Coastal Streams","1968",44668.9340090435,41600,16078.180691523,578158.006837402,0.0278093194271799,1,0.0278093194271799,1,810143.817710594,810143.817710594,22529.5482086689,44668.9340090435
"1 - Southern Coastal Streams","1969",69059.9114898281,63000,16078.180691523,578158.006837402,0.0278093194271799,1,0.0278093194271799,1,510592.222416195,510592.222416195,14199.2222102056,69059.9114898281
"1 - Southern Coastal Streams","1970",50240.9540712759,46275,16078.180691523,578158.006837402,0.0278093194271799,1,0.0278093194271799,1,649984.555677688,649984.555677688,18075.6281315744,50240.9540712759
"1 - Southern Coastal Streams","1971",16719.924811058,14025,16078.180691523,578158.006837402,0.0278093194271799,1,0.0278093194271799,1,251840.37101443,251840.37101443,7003.50932219977,16719.924811058
"1 - Southern Coastal Streams","1972",57153.3863406969,53275,16078.180691523,578158.006837402,0.0278093194271799,1,0.0278093194271799,1,1277014.1400009,1277014.1400009,35512.8941323105,57153.3863406969
"1 - Southern Coastal Streams","1973",107315.586471133,101125,16078.180691523,578158.006837402,0.0278093194271799,1,0.0278093194271799,1,1038407.11020033,1038407.11020033,28877.3950230158,107315.586471133
"1 - Southern Coastal Streams","1974",66487.2695115891,62731,16078.180691523,578158.006837402,0.0278093194271799,1,0.0278093194271799,1,680164.562527367,680164.562527367,18914.9135823716,66487.2695115891
"1 - Southern Coastal Streams","1975",19406.391505402,18025,16078.180691523,578158.006837402,0.0278093194271799,1,0.0278093194271799,1,326755.744120901,326755.744120901,9086.854862924,19406.391505402
"1 - Southern Coastal Streams","1976",77456.8076455176,71650,16078.180691523,578158.006837402,0.0278093194271799,1,0.0278093194271799,1,459900.845142425,459900.845142425,12789.5295073957,77456.8076455176
"1 - Southern Coastal Streams","1977",53347.0418441215,49350,16078.180691523,578158.006837402,0.0278093194271799,1,0.0278093194271799,1,729826.911132804,729826.911132804,20295.9896982442,53347.0418441215
"1 - Southern Coastal Streams","1978",45821.684930127,42215,16078.180691523,578158.006837402,0.0278093194271799,1,0.0278093194271799,1,856880.608806499,856880.608806499,23829.2665612563,45821.684930127
"1 - Southern Coastal Streams","1979",30881.7365291453,25225,16078.180691523,578158.006837402,0.0278093194271799,1,0.0278093194271799,1.00598931721584,326173.385685051,328126.941559285,9124.98693048573,30881.7365291453
"1 - Southern Coastal Streams","1980",21018.249510893,19675,16078.180691523,578158.006837402,0.0278093194271799,1,0.0278093194271799,1.00598931721584,912141.414798879,917604.519077819,25517.9571788589,21018.249510893
"1 - Southern Coastal Streams","1981",22015.0542583159,20360,16078.180691523,578158.006837402,0.0278093194271799,1,0.0278093194271799,1,730067.595423742,730067.595423742,20302.682964572,22015.0542583159
"1 - Southern Coastal Streams","1982",68413.299267699,64120,16078.180691523,578158.006837402,0.0278093194271799,1,0.0278093194271799,1.00598931721584,932016.981394343,937599.126746468,26073.9936103375,68413.299267699
"1 - Southern Coastal Streams","1983",36118.1396023007,33532,16078.180691523,578158.006837402,0.0278093194271799,1,0.0278093194271799,1,614474.592923703,614474.592923703,17088.1202345016,36118.1396023007
"1 - Southern Coastal Streams","1984",56848.4868528821,52338,16078.180691523,578158.006837402,0.0278093194271799,1,0.0278093194271799,1.00598931721584,852547.267093903,857653.44311803,23850.75855749,56848.4868528821
"1 - Southern Coastal Streams","1985",54349.9370551745,51195,16078.180691523,578158.006837402,0.0278093194271799,1,0.0278093194271799,1,1296528.26312302,1296528.26312302,36055.5686155549,54349.9370551745
"1 - Southern Coastal Streams","1986",25860.7973792116,24115,16078.180691523,578158.006837402,0.0278093194271799,1,0.0278093194271799,1,1027699.0096573,1027699.0096573,28579.6100345562,25860.7973792116
"1 - Southern Coastal Streams","1987",35602.6621534011,33593,16078.180691523,578158.006837402,0.0278093194271799,1,0.0278093194271799,1,744161.785104809,744161.785104809,20694.63278748,35602.6621534011
"1 - Southern Coastal Streams","1988",44404.8172246054,41100,16078.180691523,578158.006837402,0.0278093194271799,1,0.0278093194271799,1,946232.935886452,946232.935886452,26314.0939665846,44404.8172246054
"1 - Southern Coastal Streams","1989",4208.12940976519,3850,16078.180691523,578158.006837402,0.0278093194271799,1,0.0278093194271799,1.00598931721584,334904.947208261,336910.799174247,9369.26003270309,4208.12940976519
"1 - Southern Coastal Streams","1990",29210.9360160891,18200,16078.180691523,578158.006837402,0.0278093194271799,1,0.0278093194271799,1,832381.019507733,832381.019507733,23147.9496566122,29210.9360160891
"1 - Southern Coastal Streams","1991",8217.61794754122,6924,16078.180691523,578158.006837402,0.0278093194271799,1,0.0278093194271799,1.00598931721584,719588.319398654,723898.162108349,20131.1152228195,8217.61794754122
"1 - Southern Coastal Streams","1992",8953.51464945096,7018,16078.180691523,578158.006837402,0.0278093194271799,1,0.0278093194271799,1,1061152.75947439,1061152.75947439,29509.9360492566,8953.51464945096
"1 - Southern Coastal Streams","1993",4521.65589293103,3523,16078.180691523,578158.006837402,0.0278093194271799,1,0.0278093194271799,1,1002843.38512914,1002843.38512914,27888.3920324907,4521.65589293103
"1 - Southern Coastal Streams","1994",4641.21968417332,3245,16078.180691523,578158.006837402,0.0278093194271799,1,0.0278093194271799,1,951459.930888219,951459.930888219,26459.453140233,4641.21968417332
"1 - Southern Coastal Streams","1995",2675.95867133901,2132,16078.180691523,578158.006837402,0.0278093194271799,1,0.0278093194271799,1,489594.537552924,489594.537552924,13615.2908846117,2675.95867133901
"1 - Southern Coastal Streams","1996",4666.14517760639,3405,16078.180691523,578158.006837402,0.0278093194271799,1,0.0278093194271799,1.00598931721584,492468.280656109,495417.8294077,13777.2326679188,4666.14517760639
"1 - Southern Coastal Streams","1997",254.253433077772,172,16078.180691523,578158.006837402,0.0278093194271799,1,0.0278093194271799,1,668345.372362384,668345.372362384,18586.229947703,254.253433077772
"1 - Southern Coastal Streams","1998",5425.1480068878,4025,16078.180691523,578158.006837402,0.0278093194271799,1,0.0278093194271799,1,866172.900155552,866172.900155552,24087.6788595925,5425.1480068878
"1 - Southern Coastal Streams","1999",1751.81890016903,1153,16078.180691523,578158.006837402,0.0278093194271799,1,0.0278093194271799,1,362546.07166334,362546.07166334,10082.1595139551,1751.81890016903
"1 - Southern Coastal Streams","2000",2934.90995128618,2052,16078.180691523,578158.006837402,0.0278093194271799,1,0.0278093194271799,1,470453.853598131,470453.853598131,13083.0014904581,2934.90995128618
"1 - Southern Coastal Streams","2001",1190.82680119581,916,16078.180691523,578158.006837402,0.0278093194271799,1,0.0278093194271799,1,1252554.33745858,1252554.33745858,34832.6836702854,1190.82680119581
"1 - Southern Coastal Streams","2002",2652.40652953883,1768,16078.180691523,578158.006837402,0.0278093194271799,1,0.0278093194271799,1,1332254.60722625,1332254.60722625,37049.0939306869,2652.40652953883
"1 - Southern Coastal Streams","2003",3189.19281216061,2214,16078.180691523,578158.006837402,0.0278093194271799,1,0.0278093194271799,1,1261558.47393937,1261558.47393937,35083.0825778455,3189.19281216061
"1 - Southern Coastal Streams","2004",1280.76103245932,816,16078.180691523,578158.006837402,0.0278093194271799,1,0.0278093194271799,1.00598931721584,1886525.49578558,1897824.49541562,52777.2076097395,1280.76103245932
"1 - Southern Coastal Streams","2005",14698.1320881996,9787,16078.180691523,578158.006837402,0.0278093194271799,1,0.0278093194271799,1.05540788323757,783724.927035187,827149.466282728,23002.4637218777,14698.1320881996
"1 - Southern Coastal Streams","2006",9838.34636867452,6589,16078.180691523,578158.006837402,0.0278093194271799,1,0.0278093194271799,1.05540788323757,500786.287773899,528533.795933853,14698.1651591844,9838.34636867452
"1 - Southern Coastal Streams","2007",169.609065219259,108,16078.180691523,578158.006837402,0.0278093194271799,1,0.0278093194271799,1.00598931721584,1186027.72516257,1193131.22143536,33180.1672554372,169.609065219259
"1 - Southern Coastal Streams","2008",12692.4353686175,9306,16078.180691523,578158.006837402,0.0278093194271799,1,0.0278093194271799,1.05540788323757,890869.950984278,940231.169208277,26147.1889199038,12692.4353686175
"1 - Southern Coastal Streams","2009",6683.63624897765,4536,16078.180691523,578158.006837402,0.0278093194271799,1,0.0278093194271799,1.05540788323757,1166746.20884873,1231393.1465565,34244.2053530298,6683.63624897765
"1 - Southern Coastal Streams","2010",456.572007849239,308,16078.180691523,578158.006837402,0.0278093194271799,1,0.0278093194271799,1.05540788323757,518549.583024868,547281.317774002,15219.5209825052,456.572007849239
"1 - Southern Coastal Streams","2011",5902.8063837489,3452,16078.180691523,578158.006837402,0.0278093194271799,1,0.0278093194271799,1.05540788323757,895576.411481223,945198.404718899,26285.3243588887,5902.8063837489
"1 - Southern Coastal Streams","2012",25463.9500569983,15135,16078.180691523,578158.006837402,0.0278093194271799,1,0.0278093194271799,1.05540788323757,1780935.00942841,1879612.84848452,52270.7541029376,25463.9500569983
"1 - Southern Coastal Streams","2013",9945.80251534745,5914,16078.180691523,578158.006837402,0.0278093194271799,1,0.0278093194271799,1.05540788323757,1787987.93808044,1887056.56498379,52477.758792791,9945.80251534745
"2 - North East Vancouver Island","1953",119757.354111128,111725,32175.6944845236,578158.006837402,0.0556520779856163,1,0.0556520779856163,1,655239.293121711,655239.293121711,36465.4282400495,119757.354111128
"2 - North East Vancouver Island","1954",95773.0355428588,95125,32175.6944845236,578158.006837402,0.0556520779856163,1,0.0556520779856163,1,815290.416454465,815290.416454465,45372.6058374495,95773.0355428588
"2 - North East Vancouver Island","1955",100450.548553929,98725,32175.6944845236,578158.006837402,0.0556520779856163,1,0.0556520779856163,1,373422.839837656,373422.839837656,20781.7570042555,100450.548553929
"2 - North East Vancouver Island","1956",55903.2620080656,55525,32175.6944845236,578158.006837402,0.0556520779856163,1,0.0556520779856163,1,355884.871798192,355884.871798192,19805.732639214,55903.2620080656
"2 - North East Vancouver Island","1957",67520.3095743727,66400,32175.6944845236,578158.006837402,0.0556520779856163,1,0.0556520779856163,1,825407.213109553,825407.213109553,45935.6265938631,67520.3095743727
"2 - North East Vancouver Island","1958",82775.4545442446,82625,32175.6944845236,578158.006837402,0.0556520779856163,1,0.0556520779856163,1,895734.728911328,895734.728911328,49849.4989877981,82775.4545442446
"2 - North East Vancouver Island","1959",32833.9708797474,31425,32175.6944845236,578158.006837402,0.0556520779856163,1,0.0556520779856163,1,650525.772961875,650525.772961875,36203.1110485276,32833.9708797474
"2 - North East Vancouver Island","1960",55187.0886575733,51970,32175.6944845236,578158.006837402,0.0556520779856163,1,0.0556520779856163,1,333084.375514476,333084.375514476,18536.8376419219,55187.0886575733
"2 - North East Vancouver Island","1961",60885.218912132,59875,32175.6944845236,578158.006837402,0.0556520779856163,1,0.0556520779856163,1,398159.170081716,398159.170081716,22158.3851840759,60885.218912132
"2 - North East Vancouver Island","1962",28096.0916883725,26350,32175.6944845236,578158.006837402,0.0556520779856163,1,0.0556520779856163,1,434749.132555629,434749.132555629,24194.6926291649,28096.0916883725
"2 - North East Vancouver Island","1963",23022.2840035893,21275,32175.6944845236,578158.006837402,0.0556520779856163,1,0.0556520779856163,1,338928.838779634,338928.838779634,18862.0941673386,23022.2840035893
"2 - North East Vancouver Island","1964",33703.00265372,32175,32175.6944845236,578158.006837402,0.0556520779856163,1,0.0556520779856163,1,450639.505883077,450639.505883077,25079.0249248046,33703.00265372
"2 - North East Vancouver Island","1965",27523.9720834107,25800,32175.6944845236,578158.006837402,0.0556520779856163,1,0.0556520779856163,1,184985.112069886,184985.112069886,10294.8058830913,27523.9720834107
"2 - North East Vancouver Island","1966",46333.3305138555,44200,32175.6944845236,578158.006837402,0.0556520779856163,1,0.0556520779856163,1,452358.460716835,452358.460716835,25174.6883332666,46333.3305138555
"2 - North East Vancouver Island","1967",22147.4336005053,20375,32175.6944845236,578158.006837402,0.0556520779856163,1,0.0556520779856163,1,408791.323897436,408791.323897436,22750.0866373834,22147.4336005053
"2 - North East Vancouver Island","1968",80245.2749718515,73050,32175.6944845236,578158.006837402,0.0556520779856163,1,0.0556520779856163,1,810143.817710594,810143.817710594,45086.1869227949,80245.2749718515
"2 - North East Vancouver Island","1969",14578.9496912536,13400,32175.6944845236,578158.006837402,0.0556520779856163,1,0.0556520779856163,1,510592.222416195,510592.222416195,28415.5181807552,14578.9496912536
"2 - North East Vancouver Island","1970",26232.3902599764,25475,32175.6944845236,578158.006837402,0.0556520779856163,1,0.0556520779856163,1,649984.555677688,649984.555677688,36172.9911820208,26232.3902599764
"2 - North East Vancouver Island","1971",9920.14283990955,9000,32175.6944845236,578158.006837402,0.0556520779856163,1,0.0556520779856163,1,251840.37101443,251840.37101443,14015.4399676216,9920.14283990955
"2 - North East Vancouver Island","1972",29080.4834820755,27130,32175.6944845236,578158.006837402,0.0556520779856163,1,0.0556520779856163,1,1277014.1400009,1277014.1400009,71068.4905080648,29080.4834820755
"2 - North East Vancouver Island","1973",35154.1046795605,32500,32175.6944845236,578158.006837402,0.0556520779856163,1,0.0556520779856163,1,1038407.11020033,1038407.11020033,57789.5134776873,35154.1046795605
"2 - North East Vancouver Island","1974",9561.68156125267,8740,32175.6944845236,578158.006837402,0.0556520779856163,1,0.0556520779856163,1,680164.562527367,680164.562527367,37852.5712768256,9561.68156125267
"2 - North East Vancouver Island","1975",10844.5046549661,9845,32175.6944845236,578158.006837402,0.0556520779856163,1,0.0556520779856163,1,326755.744120901,326755.744120901,18184.6361540645,10844.5046549661
"2 - North East Vancouver Island","1976",8132.11625702554,7398,32175.6944845236,578158.006837402,0.0556520779856163,1,0.0556520779856163,1,459900.845142425,459900.845142425,25594.4376995171,8132.11625702554
"2 - North East Vancouver Island","1977",17931.209694315,16180,32175.6944845236,578158.006837402,0.0556520779856163,1,0.0556520779856163,1,729826.911132804,729826.911132804,40616.3841743643,17931.209694315
"2 - North East Vancouver Island","1978",19648.4512245593,17250,32175.6944845236,578158.006837402,0.0556520779856163,1,0.0556520779856163,1,856880.608806499,856880.608806499,47687.1864656616,19648.4512245593
"2 - North East Vancouver Island","1979",8003.70012917789,6700,32175.6944845236,578158.006837402,0.0556520779856163,1,0.0556520779856163,1.00598931721584,326173.385685051,328126.941559285,18260.9461408391,8003.70012917789
"2 - North East Vancouver Island","1980",17190.2202763963,14525,32175.6944845236,578158.006837402,0.0556520779856163,1,0.0556520779856163,1.00598931721584,912141.414798879,917604.519077819,51066.5982556727,17190.2202763963
"2 - North East Vancouver Island","1981",12168.1297285971,10000,32175.6944845236,578158.006837402,0.0556520779856163,1,0.0556520779856163,1,730067.595423742,730067.595423742,40629.7787552934,12168.1297285971
"2 - North East Vancouver Island","1982",65845.3658388486,55120,32175.6944845236,578158.006837402,0.0556520779856163,1,0.0556520779856163,1.00598931721584,932016.981394343,937599.126746468,52179.3397209402,65845.3658388486
"2 - North East Vancouver Island","1983",9332.4621549099,7950,32175.6944845236,578158.006837402,0.0556520779856163,1,0.0556520779856163,1,614474.592923703,614474.592923703,34196.7879655697,9332.4621549099
"2 - North East Vancouver Island","1984",45176.8262187542,38375,32175.6944845236,578158.006837402,0.0556520779856163,1,0.0556520779856163,1.00598931721584,852547.267093903,857653.44311803,47730.1963010369,45176.8262187542
"2 - North East Vancouver Island","1985",80520.6068753977,71040,32175.6944845236,578158.006837402,0.0556520779856163,1,0.0556520779856163,1,1296528.26312302,1296528.26312302,72154.4920098781,80520.6068753977
"2 - North East Vancouver Island","1986",101776.945389457,91737,32175.6944845236,578158.006837402,0.0556520779856163,1,0.0556520779856163,1,1027699.0096573,1027699.0096573,57193.5854311884,101776.945389457
"2 - North East Vancouver Island","1987",17979.5296749809,15865,32175.6944845236,578158.006837402,0.0556520779856163,1,0.0556520779856163,1,744161.785104809,744161.785104809,41414.1496985683,17979.5296749809
"2 - North East Vancouver Island","1988",115763.691029957,101810,32175.6944845236,578158.006837402,0.0556520779856163,1,0.0556520779856163,1,946232.935886452,946232.935886452,52659.8291405115,115763.691029957
"2 - North East Vancouver Island","1989",28685.9335733432,24592,32175.6944845236,578158.006837402,0.0556520779856163,1,0.0556520779856163,1.00598931721584,334904.947208261,336910.799174247,18749.7860698415,28685.9335733432
"2 - North East Vancouver Island","1990",92322.8093942196,80290,32175.6944845236,578158.006837402,0.0556520779856163,1,0.0556520779856163,1,832381.019507733,832381.019507733,46323.7334113911,92322.8093942196
"2 - North East Vancouver Island","1991",87409.2382086964,75450,32175.6944845236,578158.006837402,0.0556520779856163,1,0.0556520779856163,1.00598931721584,719588.319398654,723898.162108349,40286.4369712982,87409.2382086964
"2 - North East Vancouver Island","1992",140669.108739662,120375,32175.6944845236,578158.006837402,0.0556520779856163,1,0.0556520779856163,1,1061152.75947439,1061152.75947439,59055.3561249206,140669.108739662
"2 - North East Vancouver Island","1993",65061.2887151044,55675,32175.6944845236,578158.006837402,0.0556520779856163,1,0.0556520779856163,1,1002843.38512914,1002843.38512914,55810.3182765664,65061.2887151044
"2 - North East Vancouver Island","1994",95048.7850201486,84150,32175.6944845236,578158.006837402,0.0556520779856163,1,0.0556520779856163,1,951459.930888219,951459.930888219,52950.7222739803,95048.7850201486
"2 - North East Vancouver Island","1995",66813.8175000706,60945,32175.6944845236,578158.006837402,0.0556520779856163,1,0.0556520779856163,1,489594.537552924,489594.537552924,27246.9533852271,66813.8175000706
"2 - North East Vancouver Island","1996",4257.30392998608,3685,32175.6944845236,578158.006837402,0.0556520779856163,1,0.0556520779856163,1.00598931721584,492468.280656109,495417.8294077,27571.0316776621,4257.30392998608
"2 - North East Vancouver Island","1997",75135.8151045027,72530,32175.6944845236,578158.006837402,0.0556520779856163,1,0.0556520779856163,1,668345.372362384,668345.372362384,37194.8087840371,75135.8151045027
"2 - North East Vancouver Island","1998",163762.959692301,148080,32175.6944845236,578158.006837402,0.0556520779856163,1,0.0556520779856163,1,866172.900155552,866172.900155552,48204.3217884842,163762.959692301
"2 - North East Vancouver Island","1999",2558.04597848844,2170,32175.6944845236,578158.006837402,0.0556520779856163,1,0.0556520779856163,1,362546.07166334,362546.07166334,20176.442253587,2558.04597848844
"2 - North East Vancouver Island","2000",3049.38691994203,2580,32175.6944845236,578158.006837402,0.0556520779856163,1,0.0556520779856163,1,470453.853598131,470453.853598131,26181.7345490769,3049.38691994203
"2 - North East Vancouver Island","2001",75011.5220517886,65855,32175.6944845236,578158.006837402,0.0556520779856163,1,0.0556520779856163,1,1252554.33745858,1252554.33745858,69707.2516694669,75011.5220517886
"2 - North East Vancouver Island","2002",196568.655479166,176309,32175.6944845236,578158.006837402,0.0556520779856163,1,0.0556520779856163,1,1332254.60722625,1332254.60722625,74142.737298052,196568.655479166
"2 - North East Vancouver Island","2003",23796.1627920586,1357,32175.6944845236,578158.006837402,0.0556520779856163,1,0.0556520779856163,1,1261558.47393937,1261558.47393937,70208.3505750888,23796.1627920586
"2 - North East Vancouver Island","2004",10907.3052738839,622,32175.6944845236,578158.006837402,0.0556520779856163,1,0.0556520779856163,1.00598931721584,1886525.49578558,1897824.49541562,105617.876821883,10907.3052738839
"2 - North East Vancouver Island","2005",46949.676299868,41762,32175.6944845236,578158.006837402,0.0556520779856163,1,0.0556520779856163,1.05540788323757,783724.927035187,827149.466282728,46032.5866033273,46949.676299868
"2 - North East Vancouver Island","2006",44754.6851423745,39000,32175.6944845236,578158.006837402,0.0556520779856163,1,0.0556520779856163,1.05540788323757,500786.287773899,528533.795933853,29414.0040293446,44754.6851423745
"2 - North East Vancouver Island","2007",15988.4953959532,793,32175.6944845236,578158.006837402,0.0556520779856163,1,0.0556520779856163,1.00598931721584,1186027.72516257,1193131.22143536,66400.2317823943,15988.4953959532
"2 - North East Vancouver Island","2008",6943.8615332438,6051,32175.6944845236,578158.006837402,0.0556520779856163,1,0.0556520779856163,1.05540788323757,890869.950984278,940231.169208277,52325.8183532862,6943.8615332438
"2 - North East Vancouver Island","2009",15689.9553345322,1062,32175.6944845236,578158.006837402,0.0556520779856163,1,0.0556520779856163,1.05540788323757,1166746.20884873,1231393.1465565,68529.5874231157,15689.9553345322
"2 - North East Vancouver Island","2010",19867.6375351264,17313,32175.6944845236,578158.006837402,0.0556520779856163,1,0.0556520779856163,1.05540788323757,518549.583024868,547281.317774002,30457.3425768296,19867.6375351264
"2 - North East Vancouver Island","2011",90017.8058023117,3088,32175.6944845236,578158.006837402,0.0556520779856163,1,0.0556520779856163,1.05540788323757,895576.411481223,945198.404718899,52602.2553312963,90017.8058023117
"2 - North East Vancouver Island","2012",22323.1505042672,1273,32175.6944845236,578158.006837402,0.0556520779856163,1,0.0556520779856163,1.05540788323757,1780935.00942841,1879612.84848452,104604.360826627,22323.1505042672
"2 - North East Vancouver Island","2013",16518.7806559463,942,32175.6944845236,578158.006837402,0.0556520779856163,1,0.0556520779856163,1.05540788323757,1787987.93808044,1887056.56498379,105018.619117747,16518.7806559463
"3 - Upper Knight","1953",17250,17250,3442.15554238016,578158.006837402,0.00595365886431148,1,0.00595365886431148,1,655239.293121711,655239.293121711,3901.07122573927,17250
"3 - Upper Knight","1954",6500,6500,3442.15554238016,578158.006837402,0.00595365886431148,1,0.00595365886431148,1,815290.416454465,815290.416454465,4853.96101491233,6500
"3 - Upper Knight","1955",4650,4650,3442.15554238016,578158.006837402,0.00595365886431148,1,0.00595365886431148,1,373422.839837656,373422.839837656,2223.23220053583,4650
"3 - Upper Knight","1956",18000,18000,3442.15554238016,578158.006837402,0.00595365886431148,1,0.00595365886431148,1,355884.871798192,355884.871798192,2118.81712165566,18000
"3 - Upper Knight","1957",38900,38900,3442.15554238016,578158.006837402,0.00595365886431148,1,0.00595365886431148,1,825407.213109553,825407.213109553,4914.19297099633,38900
"3 - Upper Knight","1958",40000,40000,3442.15554238016,578158.006837402,0.00595365886431148,1,0.00595365886431148,1,895734.728911328,895734.728911328,5332.89900885457,40000
"3 - Upper Knight","1959",20000,20000,3442.15554238016,578158.006837402,0.00595365886431148,1,0.00595365886431148,1,650525.772961875,650525.772961875,3873.00853465755,20000
"3 - Upper Knight","1960",19250,19250,3442.15554238016,578158.006837402,0.00595365886431148,1,0.00595365886431148,1,333084.375514476,333084.375514476,1983.07074484542,19250
"3 - Upper Knight","1961",42000,42000,3442.15554238016,578158.006837402,0.00595365886431148,1,0.00595365886431148,1,398159.170081716,398159.170081716,2370.50387236391,42000
"3 - Upper Knight","1962",16500,16500,3442.15554238016,578158.006837402,0.00595365886431148,1,0.00595365886431148,1,434749.132555629,434749.132555629,2588.34802679155,16500
"3 - Upper Knight","1963",9750,9750,3442.15554238016,578158.006837402,0.00595365886431148,1,0.00595365886431148,1,338928.838779634,338928.838779634,2017.86668537117,9750
"3 - Upper Knight","1964",16500,16500,3442.15554238016,578158.006837402,0.00595365886431148,1,0.00595365886431148,1,450639.505883077,450639.505883077,2682.95388880973,16500
"3 - Upper Knight","1965",2275,2275,3442.15554238016,578158.006837402,0.00595365886431148,1,0.00595365886431148,1,184985.112069886,184985.112069886,1101.33825224053,2275
"3 - Upper Knight","1966",4342.34035400659,3900,3442.15554238016,578158.006837402,0.00595365886431148,1,0.00595365886431148,1,452358.460716835,452358.460716835,2693.18795949308,4342.34035400659
"3 - Upper Knight","1967",998.240048114959,775,3442.15554238016,578158.006837402,0.00595365886431148,1,0.00595365886431148,1,408791.323897436,408791.323897436,2433.80408917559,998.240048114959
"3 - Upper Knight","1968",1350,1350,3442.15554238016,578158.006837402,0.00595365886431148,1,0.00595365886431148,1,810143.817710594,810143.817710594,4823.31992167983,1350
"3 - Upper Knight","1969",128.805167498704,100,3442.15554238016,578158.006837402,0.00595365886431148,1,0.00595365886431148,1,510592.222416195,510592.222416195,3039.89191103668,128.805167498704
"3 - Upper Knight","1970",11119.3549385062,7500,3442.15554238016,578158.006837402,0.00595365886431148,1,0.00595365886431148,1,649984.555677688,649984.555677688,3869.78631157603,11119.3549385062
"3 - Upper Knight","1971",1111.93549385062,750,3442.15554238016,578158.006837402,0.00595365886431148,1,0.00595365886431148,1,251840.37101443,251840.37101443,1499.37165728155,1111.93549385062
"3 - Upper Knight","1972",39804.7865783938,35750,3442.15554238016,578158.006837402,0.00595365886431148,1,0.00595365886431148,1,1277014.1400009,1277014.1400009,7602.90655446747,39804.7865783938
"3 - Upper Knight","1973",34237.6835604366,30750,3442.15554238016,578158.006837402,0.00595365886431148,1,0.00595365886431148,1,1038407.11020033,1038407.11020033,6182.32169640827,34237.6835604366
"3 - Upper Knight","1974",9185.71997962933,8250,3442.15554238016,578158.006837402,0.00595365886431148,1,0.00595365886431148,1,680164.562527367,680164.562527367,4049.4677768816,9185.71997962933
"3 - Upper Knight","1975",7775,7775,3442.15554238016,578158.006837402,0.00595365886431148,1,0.00595365886431148,1,326755.744120901,326755.744120901,1945.3922324501,7775
"3 - Upper Knight","1976",20600,20600,3442.15554238016,578158.006837402,0.00595365886431148,1,0.00595365886431148,1,459900.845142425,459900.845142425,2738.09274338654,20600
"3 - Upper Knight","1977",1180,1180,3442.15554238016,578158.006837402,0.00595365886431148,1,0.00595365886431148,1,729826.911132804,729826.911132804,4345.14045887889,1180
"3 - Upper Knight","1978",8895.48395080496,6000,3442.15554238016,578158.006837402,0.00595365886431148,1,0.00595365886431148,1,856880.608806499,856880.608806499,5101.57483227743,8895.48395080496
"3 - Upper Knight","1979",NA,0,3442.15554238016,578158.006837402,0.00595365886431148,0,0,1.00598931721584,326173.385685051,328126.941559285,1953.55587423385,1953.55587423385
"3 - Upper Knight","1980",NA,0,3442.15554238016,578158.006837402,0.00595365886431148,0,0,1.00598931721584,912141.414798879,917604.519077819,5463.10427893994,5463.10427893994
"3 - Upper Knight","1981",444.774197540248,300,3442.15554238016,578158.006837402,0.00595365886431148,1,0.00595365886431148,1,730067.595423742,730067.595423742,4346.57341104113,444.774197540248
"3 - Upper Knight","1982",NA,0,3442.15554238016,578158.006837402,0.00595365886431148,0,0,1.00598931721584,932016.981394343,937599.126746468,5582.14535212482,5582.14535212482
"3 - Upper Knight","1983",1037.80646092725,700,3442.15554238016,578158.006837402,0.00595365886431148,1,0.00595365886431148,1,614474.592923703,614474.592923703,3658.37210705439,1037.80646092725
"3 - Upper Knight","1984",NA,0,3442.15554238016,578158.006837402,0.00595365886431148,0,0,1.00598931721584,852547.267093903,857653.44311803,5106.17602412692,5106.17602412692
"3 - Upper Knight","1985",15.4566200998445,12,3442.15554238016,578158.006837402,0.00595365886431148,1,0.00595365886431148,1,1296528.26312302,1296528.26312302,7719.08698657276,15.4566200998445
"3 - Upper Knight","1986",5890.04414542999,600,3442.15554238016,578158.006837402,0.00595365886431148,1,0.00595365886431148,1,1027699.0096573,1027699.0096573,6118.56931869029,5890.04414542999
"3 - Upper Knight","1987",3435.85908483416,350,3442.15554238016,578158.006837402,0.00595365886431148,1,0.00595365886431148,1,744161.785104809,744161.785104809,4430.4854083711,3435.85908483416
"3 - Upper Knight","1988",2945.022072715,300,3442.15554238016,578158.006837402,0.00595365886431148,1,0.00595365886431148,1,946232.935886452,946232.935886452,5633.54810644386,2945.022072715
"3 - Upper Knight","1989",NA,0,3442.15554238016,578158.006837402,0.00595365886431148,0,0,1.00598931721584,334904.947208261,336910.799174247,2005.85196598602,2005.85196598602
"3 - Upper Knight","1990",2699.60356665541,275,3442.15554238016,578158.006837402,0.00595365886431148,1,0.00595365886431148,1,832381.019507733,832381.019507733,4955.71263527684,2699.60356665541
"3 - Upper Knight","1991",NA,0,3442.15554238016,578158.006837402,0.00595365886431148,0,0,1.00598931721584,719588.319398654,723898.162108349,4309.84270969517,4309.84270969517
"3 - Upper Knight","1992",148.258065846749,100,3442.15554238016,578158.006837402,0.00595365886431148,1,0.00595365886431148,1,1061152.75947439,1061152.75947439,6317.74153283328,148.258065846749
"3 - Upper Knight","1993",1114.90065516755,752,3442.15554238016,578158.006837402,0.00595365886431148,1,0.00595365886431148,1,1002843.38512914,1002843.38512914,5970.58740939025,1114.90065516755
"3 - Upper Knight","1994",148.258065846749,100,3442.15554238016,578158.006837402,0.00595365886431148,1,0.00595365886431148,1,951459.930888219,951459.930888219,5664.66785156984,148.258065846749
"3 - Upper Knight","1995",237.212905354799,160,3442.15554238016,578158.006837402,0.00595365886431148,1,0.00595365886431148,1,489594.537552924,489594.537552924,2914.87885842045,237.212905354799
"3 - Upper Knight","1996",NA,0,3442.15554238016,578158.006837402,0.00595365886431148,0,0,1.00598931721584,492468.280656109,495417.8294077,2949.54875159111,2949.54875159111
"3 - Upper Knight","1997",2223.87098770124,1500,3442.15554238016,578158.006837402,0.00595365886431148,1,0.00595365886431148,1,668345.372362384,668345.372362384,3979.10035058687,2223.87098770124
"3 - Upper Knight","1998",14148.2672237553,9543,3442.15554238016,578158.006837402,0.00595365886431148,1,0.00595365886431148,1,866172.900155552,866172.900155552,5156.89796503749,14148.2672237553
"3 - Upper Knight","1999",131.949678603607,89,3442.15554238016,578158.006837402,0.00595365886431148,1,0.00595365886431148,1,362546.07166334,362546.07166334,2158.47563327975,131.949678603607
"3 - Upper Knight","2000",3716.82971077801,2507,3442.15554238016,578158.006837402,0.00595365886431148,1,0.00595365886431148,1,470453.853598131,470453.853598131,2800.92175572401,3716.82971077801
"3 - Upper Knight","2001",515.938069146688,348,3442.15554238016,578158.006837402,0.00595365886431148,1,0.00595365886431148,1,1252554.33745858,1252554.33745858,7457.28123424208,515.938069146688
"3 - Upper Knight","2002",3706.45164616873,2500,3442.15554238016,578158.006837402,0.00595365886431148,1,0.00595365886431148,1,1332254.60722625,1332254.60722625,7931.78945183239,3706.45164616873
"3 - Upper Knight","2003",7578.95232608583,5112,3442.15554238016,578158.006837402,0.00595365886431148,1,0.00595365886431148,1,1261558.47393937,1261558.47393937,7510.88879121639,7578.95232608583
"3 - Upper Knight","2004",NA,0,3442.15554238016,578158.006837402,0.00595365886431148,0,0,1.00598931721584,1886525.49578558,1897824.49541562,11298.9996300387,11298.9996300387
"3 - Upper Knight","2005",NA,0,3442.15554238016,578158.006837402,0.00595365886431148,0,0,1.05540788323757,783724.927035187,827149.466282728,4924.56575204468,4924.56575204468
"3 - Upper Knight","2006",NA,0,3442.15554238016,578158.006837402,0.00595365886431148,0,0,1.05540788323757,500786.287773899,528533.795933853,3146.70991924978,3146.70991924978
"3 - Upper Knight","2007",NA,0,3442.15554238016,578158.006837402,0.00595365886431148,0,0,1.00598931721584,1186027.72516257,1193131.22143536,7103.49627278542,7103.49627278542
"3 - Upper Knight","2008",NA,0,3442.15554238016,578158.006837402,0.00595365886431148,0,0,1.05540788323757,890869.950984278,940231.169208277,5597.81563505881,5597.81563505881
"3 - Upper Knight","2009",NA,0,3442.15554238016,578158.006837402,0.00595365886431148,0,0,1.05540788323757,1166746.20884873,1231393.1465565,7331.29472244851,7331.29472244851
"3 - Upper Knight","2010",NA,0,3442.15554238016,578158.006837402,0.00595365886431148,0,0,1.05540788323757,518549.583024868,547281.317774002,3258.32626883726,3258.32626883726
"3 - Upper Knight","2011",NA,0,3442.15554238016,578158.006837402,0.00595365886431148,0,0,1.05540788323757,895576.411481223,945198.404718899,5627.38886078775,5627.38886078775
"3 - Upper Knight","2012",NA,0,3442.15554238016,578158.006837402,0.00595365886431148,0,0,1.05540788323757,1780935.00942841,1879612.84848452,11190.5736968536,11190.5736968536
"3 - Upper Knight","2013",NA,0,3442.15554238016,578158.006837402,0.00595365886431148,0,0,1.05540788323757,1787987.93808044,1887056.56498379,11234.8910455729,11234.8910455729
"4 - Loughborough","1953",26668.8757282879,25000,26568.8625709325,578158.006837402,0.0459543278078385,1,0.0459543278078385,1,655239.293121711,655239.293121711,30111.0812686915,26668.8757282879
"4 - Loughborough","1954",33390.8458125845,33025,26568.8625709325,578158.006837402,0.0459543278078385,1,0.0459543278078385,1,815290.416454465,815290.416454465,37466.1230563377,33390.8458125845
"4 - Loughborough","1955",10655.2243509427,10300,26568.8625709325,578158.006837402,0.0459543278078385,1,0.0459543278078385,1,373422.839837656,373422.839837656,17160.3955928336,10655.2243509427
"4 - Loughborough","1956",14986.0483104296,14800,26568.8625709325,578158.006837402,0.0459543278078385,1,0.0459543278078385,1,355884.871798192,355884.871798192,16354.4500604647,14986.0483104296
"4 - Loughborough","1957",56772.5681240807,54475,26568.8625709325,578158.006837402,0.0459543278078385,1,0.0459543278078385,1,825407.213109553,825407.213109553,37931.0336461909,56772.5681240807
"4 - Loughborough","1958",38391.5661408062,37600,26568.8625709325,578158.006837402,0.0459543278078385,1,0.0459543278078385,1,895734.728911328,895734.728911328,41162.8873612565,38391.5661408062
"4 - Loughborough","1959",23926.820331525,22200,26568.8625709325,578158.006837402,0.0459543278078385,1,0.0459543278078385,1,650525.772961875,650525.772961875,29894.4746181376,23926.820331525
"4 - Loughborough","1960",8612.66247239352,8050,26568.8625709325,578158.006837402,0.0459543278078385,1,0.0459543278078385,1,333084.375514476,333084.375514476,15306.6685800614,8612.66247239352
"4 - Loughborough","1961",24605.9827733188,23550,26568.8625709325,578158.006837402,0.0459543278078385,1,0.0459543278078385,1,398159.170081716,398159.170081716,18297.1370216321,24605.9827733188
"4 - Loughborough","1962",20672.9275487185,19825,26568.8625709325,578158.006837402,0.0459543278078385,1,0.0459543278078385,1,434749.132555629,434749.132555629,19978.6041516348,20672.9275487185
"4 - Loughborough","1963",64797.2521742853,56925,26568.8625709325,578158.006837402,0.0459543278078385,1,0.0459543278078385,1,338928.838779634,338928.838779634,15575.2469608094,64797.2521742853
"4 - Loughborough","1964",114419.423359902,110950,26568.8625709325,578158.006837402,0.0459543278078385,1,0.0459543278078385,1,450639.505883077,450639.505883077,20708.8355765133,114419.423359902
"4 - Loughborough","1965",5534.03659795934,5025,26568.8625709325,578158.006837402,0.0459543278078385,1,0.0459543278078385,1,184985.112069886,184985.112069886,8500.86647962928,5534.03659795934
"4 - Loughborough","1966",32350.5149147227,30600,26568.8625709325,578158.006837402,0.0459543278078385,1,0.0459543278078385,1,452358.460716835,452358.460716835,20787.8289904307,32350.5149147227
"4 - Loughborough","1967",68830.7723265306,59550,26568.8625709325,578158.006837402,0.0459543278078385,1,0.0459543278078385,1,408791.323897436,408791.323897436,18785.7305033831,68830.7723265306
"4 - Loughborough","1968",93211.045366681,80500,26568.8625709325,578158.006837402,0.0459543278078385,1,0.0459543278078385,1,810143.817710594,810143.817710594,37229.6145705664,93211.045366681
"4 - Loughborough","1969",24073.0270860202,22175,26568.8625709325,578158.006837402,0.0459543278078385,1,0.0459543278078385,1,510592.222416195,510592.222416195,23463.9223650466,24073.0270860202
"4 - Loughborough","1970",157852.31229401,142100,26568.8625709325,578158.006837402,0.0459543278078385,1,0.0459543278078385,1,649984.555677688,649984.555677688,29869.6033416447,157852.31229401
"4 - Loughborough","1971",20036.4044678636,18525,26568.8625709325,578158.006837402,0.0459543278078385,1,0.0459543278078385,1,251840.37101443,251840.37101443,11573.1549648448,20036.4044678636
"4 - Loughborough","1972",83621.8981119883,76700,26568.8625709325,578158.006837402,0.0459543278078385,1,0.0459543278078385,1,1277014.1400009,1277014.1400009,58684.3264048464,83621.8981119883
"4 - Loughborough","1973",131865.737287106,121525,26568.8625709325,578158.006837402,0.0459543278078385,1,0.0459543278078385,1,1038407.11020033,1038407.11020033,47719.3007401363,131865.737287106
"4 - Loughborough","1974",32442.8859681328,30150,26568.8625709325,578158.006837402,0.0459543278078385,1,0.0459543278078385,1,680164.562527367,680164.562527367,31256.5052696577,32442.8859681328
"4 - Loughborough","1975",21070.1530137252,19400,26568.8625709325,578158.006837402,0.0459543278078385,1,0.0459543278078385,1,326755.744120901,326755.744120901,15015.8405784261,21070.1530137252
"4 - Loughborough","1976",16598.3390833561,15450,26568.8625709325,578158.006837402,0.0459543278078385,1,0.0459543278078385,1,459900.845142425,459900.845142425,21134.434196777,16598.3390833561
"4 - Loughborough","1977",34840.4581990128,32700,26568.8625709325,578158.006837402,0.0459543278078385,1,0.0459543278078385,1,729826.911132804,729826.911132804,33538.7051171791,34840.4581990128
"4 - Loughborough","1978",20761.3529311234,19325,26568.8625709325,578158.006837402,0.0459543278078385,1,0.0459543278078385,1,856880.608806499,856880.608806499,39377.3723892741,20761.3529311234
"4 - Loughborough","1979",13246.5353224285,12375,26568.8625709325,578158.006837402,0.0459543278078385,1,0.0459543278078385,1.00598931721584,326173.385685051,328126.941559285,15078.8530349988,13246.5353224285
"4 - Loughborough","1980",17322.9890103056,16200,26568.8625709325,578158.006837402,0.0459543278078385,1,0.0459543278078385,1.00598931721584,912141.414798879,917604.519077819,42167.8988676561,17322.9890103056
"4 - Loughborough","1981",22835.7388881353,19004,26568.8625709325,578158.006837402,0.0459543278078385,1,0.0459543278078385,1,730067.595423742,730067.595423742,33549.7656019831,22835.7388881353
"4 - Loughborough","1982",51013.3741307143,39490,26568.8625709325,578158.006837402,0.0459543278078385,1,0.0459543278078385,1.00598931721584,932016.981394343,937599.126746468,43086.7376228504,51013.3741307143
"4 - Loughborough","1983",17322.2794275808,14600,26568.8625709325,578158.006837402,0.0459543278078385,1,0.0459543278078385,1,614474.592923703,614474.592923703,28237.766872804,17322.2794275808
"4 - Loughborough","1984",22845.390531862,18860,26568.8625709325,578158.006837402,0.0459543278078385,1,0.0459543278078385,1.00598931721584,852547.267093903,857653.44311803,39412.8874705674,22845.390531862
"4 - Loughborough","1985",50711.0097181284,45002,26568.8625709325,578158.006837402,0.0459543278078385,1,0.0459543278078385,1,1296528.26312302,1296528.26312302,59581.0848156829,50711.0097181284
"4 - Loughborough","1986",40612.2542216133,36880,26568.8625709325,578158.006837402,0.0459543278078385,1,0.0459543278078385,1,1027699.0096573,1027699.0096573,47227.2171775824,40612.2542216133
"4 - Loughborough","1987",19338.6010499012,16883,26568.8625709325,578158.006837402,0.0459543278078385,1,0.0459543278078385,1,744161.785104809,744161.785104809,34197.4546147727,19338.6010499012
"4 - Loughborough","1988",92171.1541435174,85660,26568.8625709325,578158.006837402,0.0459543278078385,1,0.0459543278078385,1,946232.935886452,946232.935886452,43483.4985182995,92171.1541435174
"4 - Loughborough","1989",12597.8676314608,10915,26568.8625709325,578158.006837402,0.0459543278078385,1,0.0459543278078385,1.00598931721584,334904.947208261,336910.799174247,15482.5093072542,12597.8676314608
"4 - Loughborough","1990",107922.986056746,62281,26568.8625709325,578158.006837402,0.0459543278078385,1,0.0459543278078385,1,832381.019507733,832381.019507733,38251.5102314812,107922.986056746
"4 - Loughborough","1991",15785.3957932476,13541,26568.8625709325,578158.006837402,0.0459543278078385,1,0.0459543278078385,1.00598931721584,719588.319398654,723898.162108349,33266.2534410189,15785.3957932476
"4 - Loughborough","1992",39196.5937980348,30060,26568.8625709325,578158.006837402,0.0459543278078385,1,0.0459543278078385,1,1061152.75947439,1061152.75947439,48764.5617630785,39196.5937980348
"4 - Loughborough","1993",23741.0234715476,19679,26568.8625709325,578158.006837402,0.0459543278078385,1,0.0459543278078385,1,1002843.38512914,1002843.38512914,46084.993660147,23741.0234715476
"4 - Loughborough","1994",17797.435919738,14205,26568.8625709325,578158.006837402,0.0459543278078385,1,0.0459543278078385,1,951459.930888219,951459.930888219,43723.7015600606,17797.435919738
"4 - Loughborough","1995",28196.7558704199,13455,26568.8625709325,578158.006837402,0.0459543278078385,1,0.0459543278078385,1,489594.537552924,489594.537552924,22498.9878716342,28196.7558704199
"4 - Loughborough","1996",15108.2895598453,6817,26568.8625709325,578158.006837402,0.0459543278078385,1,0.0459543278078385,1.00598931721584,492468.280656109,495417.8294077,22766.5933344493,15108.2895598453
"4 - Loughborough","1997",8283.04179612433,6729,26568.8625709325,578158.006837402,0.0459543278078385,1,0.0459543278078385,1,668345.372362384,668345.372362384,30713.3623303929,8283.04179612433
"4 - Loughborough","1998",46302.5661266817,39242,26568.8625709325,578158.006837402,0.0459543278078385,1,0.0459543278078385,1,866172.900155552,866172.900155552,39804.3933920144,46302.5661266817
"4 - Loughborough","1999",7819.43644579214,6207,26568.8625709325,578158.006837402,0.0459543278078385,1,0.0459543278078385,1,362546.07166334,362546.07166334,16660.5610226612,7819.43644579214
"4 - Loughborough","2000",4827.08274127219,3646,26568.8625709325,578158.006837402,0.0459543278078385,1,0.0459543278078385,1,470453.853598131,470453.853598131,21619.3906067094,4827.08274127219
"4 - Loughborough","2001",49981.791121619,33819,26568.8625709325,578158.006837402,0.0459543278078385,1,0.0459543278078385,1,1252554.33745858,1252554.33745858,57560.2926207017,49981.791121619
"4 - Loughborough","2002",48903.3048690502,39032,26568.8625709325,578158.006837402,0.0459543278078385,1,0.0459543278078385,1,1332254.60722625,1332254.60722625,61222.8649439784,48903.3048690502
"4 - Loughborough","2003",14912.5198902125,11299,26568.8625709325,578158.006837402,0.0459543278078385,1,0.0459543278078385,1,1261558.47393937,1261558.47393937,57974.0716601663,14912.5198902125
"4 - Loughborough","2004",17312.5377117946,3172,26568.8625709325,578158.006837402,0.0459543278078385,1,0.0459543278078385,1.00598931721584,1886525.49578558,1897824.49541562,87213.2489840752,17312.5377117946
"4 - Loughborough","2005",18068.1882203189,2643,26568.8625709325,578158.006837402,0.0459543278078385,1,0.0459543278078385,1.05540788323757,783724.927035187,827149.466282728,38011.0977196352,18068.1882203189
"4 - Loughborough","2006",11258.9665530035,4057,26568.8625709325,578158.006837402,0.0459543278078385,1,0.0459543278078385,1.05540788323757,500786.287773899,528533.795933853,24288.4153158655,11258.9665530035
"4 - Loughborough","2007",25801.792825461,6769,26568.8625709325,578158.006837402,0.0459543278078385,1,0.0459543278078385,1.00598931721584,1186027.72516257,1193131.22143536,54829.5432676073,25801.792825461
"4 - Loughborough","2008",22726.0152901392,4992,26568.8625709325,578158.006837402,0.0459543278078385,1,0.0459543278078385,1.05540788323757,890869.950984278,940231.169208277,43207.6913649444,22726.0152901392
"4 - Loughborough","2009",39790.3283035324,29509,26568.8625709325,578158.006837402,0.0459543278078385,1,0.0459543278078385,1.05540788323757,1166746.20884873,1231393.1465565,56587.8443171831,39790.3283035324
"4 - Loughborough","2010",3781.43130197467,2961,26568.8625709325,578158.006837402,0.0459543278078385,1,0.0459543278078385,1.05540788323757,518549.583024868,547281.317774002,25149.9450800923,3781.43130197467
"4 - Loughborough","2011",70549.8573253181,51822,26568.8625709325,578158.006837402,0.0459543278078385,1,0.0459543278078385,1.05540788323757,895576.411481223,945198.404718899,43435.9573338983,70549.8573253181
"4 - Loughborough","2012",34184.7794203859,22962,26568.8625709325,578158.006837402,0.0459543278078385,1,0.0459543278078385,1.05540788323757,1780935.00942841,1879612.84848452,86376.344991083,34184.7794203859
"4 - Loughborough","2013",17381.8393826809,4584,26568.8625709325,578158.006837402,0.0459543278078385,1,0.0459543278078385,1.05540788323757,1787987.93808044,1887056.56498379,86718.4159791987,17381.8393826809
"5 - Bute Inlet","1953",25500,25500,26910.575230717,578158.006837402,0.0465453646104831,1,0.0465453646104831,1,655239.293121711,655239.293121711,30498.3518054652,25500
"5 - Bute Inlet","1954",18000,18000,26910.575230717,578158.006837402,0.0465453646104831,1,0.0465453646104831,1,815290.416454465,815290.416454465,37947.9896973057,18000
"5 - Bute Inlet","1955",7950,7950,26910.575230717,578158.006837402,0.0465453646104831,1,0.0465453646104831,1,373422.839837656,373422.839837656,17381.1022341257,7950
"5 - Bute Inlet","1956",4850,4850,26910.575230717,578158.006837402,0.0465453646104831,1,0.0465453646104831,1,355884.871798192,355884.871798192,16564.7911172019,4850
"5 - Bute Inlet","1957",89500,89500,26910.575230717,578158.006837402,0.0465453646104831,1,0.0465453646104831,1,825407.213109553,825407.213109553,38418.8796863068,89500
"5 - Bute Inlet","1958",20750,20750,26910.575230717,578158.006837402,0.0465453646104831,1,0.0465453646104831,1,895734.728911328,895734.728911328,41692.2995514499,20750
"5 - Bute Inlet","1959",16150,16150,26910.575230717,578158.006837402,0.0465453646104831,1,0.0465453646104831,1,650525.772961875,650525.772961875,30278.9592910268,16150
"5 - Bute Inlet","1960",5600,5600,26910.575230717,578158.006837402,0.0465453646104831,1,0.0465453646104831,1,333084.375514476,333084.375514476,15503.5337043763,5600
"5 - Bute Inlet","1961",8150,8150,26910.575230717,578158.006837402,0.0465453646104831,1,0.0465453646104831,1,398159.170081716,398159.170081716,18532.4637444608,8150
"5 - Bute Inlet","1962",8500,8500,26910.575230717,578158.006837402,0.0465453646104831,1,0.0465453646104831,1,434749.132555629,434749.132555629,20235.556888893,8500
"5 - Bute Inlet","1963",8150,8150,26910.575230717,578158.006837402,0.0465453646104831,1,0.0465453646104831,1,338928.838779634,338928.838779634,15775.5663780057,8150
"5 - Bute Inlet","1964",23446.1842477849,22900,26910.575230717,578158.006837402,0.0465453646104831,1,0.0465453646104831,1,450639.505883077,450639.505883077,20975.1801092157,23446.1842477849
"5 - Bute Inlet","1965",2662.01218533802,2600,26910.575230717,578158.006837402,0.0465453646104831,1,0.0465453646104831,1,184985.112069886,184985.112069886,8610.1994888039,2662.01218533802
"5 - Bute Inlet","1966",12150,12150,26910.575230717,578158.006837402,0.0465453646104831,1,0.0465453646104831,1,452358.460716835,452358.460716835,21055.189488702,12150
"5 - Bute Inlet","1967",11275,11275,26910.575230717,578158.006837402,0.0465453646104831,1,0.0465453646104831,1,408791.323897436,408791.323897436,19027.3412204082,11275
"5 - Bute Inlet","1968",19146.0107176235,18700,26910.575230717,578158.006837402,0.0465453646104831,1,0.0465453646104831,1,810143.817710594,810143.817710594,37708.4393822683,19146.0107176235
"5 - Bute Inlet","1969",7998.94149773577,7700,26910.575230717,578158.006837402,0.0465453646104831,1,0.0465453646104831,1,510592.222416195,510592.222416195,23765.7011596386,7998.94149773577
"5 - Bute Inlet","1970",11225,11225,26910.575230717,578158.006837402,0.0465453646104831,1,0.0465453646104831,1,649984.555677688,649984.555677688,30253.7681352008,11225
"5 - Bute Inlet","1971",5194.11785567258,5000,26910.575230717,578158.006837402,0.0465453646104831,1,0.0465453646104831,1,251840.37101443,251840.37101443,11722.001892506,5194.11785567258
"5 - Bute Inlet","1972",155823.535670177,150000,26910.575230717,578158.006837402,0.0465453646104831,1,0.0465453646104831,1,1277014.1400009,1277014.1400009,59439.0887590844,155823.535670177
"5 - Bute Inlet","1973",44150.0017732169,42500,26910.575230717,578158.006837402,0.0465453646104831,1,0.0465453646104831,1,1038407.11020033,1038407.11020033,48333.0375583924,44150.0017732169
"5 - Bute Inlet","1974",43718.4308899744,42700,26910.575230717,578158.006837402,0.0465453646104831,1,0.0465453646104831,1,680164.562527367,680164.562527367,31658.507557966,43718.4308899744
"5 - Bute Inlet","1975",7271.76499794161,7000,26910.575230717,578158.006837402,0.0465453646104831,1,0.0465453646104831,1,326755.744120901,326755.744120901,15208.965248677,7271.76499794161
"5 - Bute Inlet","1976",15582.3535670177,15000,26910.575230717,578158.006837402,0.0465453646104831,1,0.0465453646104831,1,459900.845142425,459900.845142425,21406.2525218235,15582.3535670177
"5 - Bute Inlet","1977",88300.0035464338,85000,26910.575230717,578158.006837402,0.0465453646104831,1,0.0465453646104831,1,729826.911132804,729826.911132804,33970.059681219,88300.0035464338
"5 - Bute Inlet","1978",176600.007092868,170000,26910.575230717,578158.006837402,0.0465453646104831,1,0.0465453646104831,1,856880.608806499,856880.608806499,39883.8203645512,176600.007092868
"5 - Bute Inlet","1979",36358.824989708,35000,26910.575230717,578158.006837402,0.0465453646104831,1,0.0465453646104831,1.00598931721584,326173.385685051,328126.941559285,15272.7881333996,36358.824989708
"5 - Bute Inlet","1980",148483.968145633,145025,26910.575230717,578158.006837402,0.0465453646104831,1,0.0465453646104831,1.00598931721584,912141.414798879,917604.519077819,42710.236908704,148483.968145633
"5 - Bute Inlet","1981",131151.475855733,126250,26910.575230717,578158.006837402,0.0465453646104831,1,0.0465453646104831,1,730067.595423742,730067.595423742,33981.2624192967,131151.475855733
"5 - Bute Inlet","1982",207764.714226903,200000,26910.575230717,578158.006837402,0.0465453646104831,1,0.0465453646104831,1.00598931721584,932016.981394343,937599.126746468,43640.8932128849,207764.714226903
"5 - Bute Inlet","1983",85517.1414539839,83525,26910.575230717,578158.006837402,0.0465453646104831,1,0.0465453646104831,1,614474.592923703,614474.592923703,28600.9439715119,85517.1414539839
"5 - Bute Inlet","1984",109076.474969124,105000,26910.575230717,578158.006837402,0.0465453646104831,1,0.0465453646104831,1.00598931721584,852547.267093903,857653.44311803,39919.7922193649,109076.474969124
"5 - Bute Inlet","1985",79470.0031917904,76500,26910.575230717,578158.006837402,0.0465453646104831,1,0.0465453646104831,1,1296528.26312302,1296528.26312302,60347.3807348574,79470.0031917904
"5 - Bute Inlet","1986",274392.025257919,268000,26910.575230717,578158.006837402,0.0465453646104831,1,0.0465453646104831,1,1027699.0096573,1027699.0096573,47834.6251143312,274392.025257919
"5 - Bute Inlet","1987",82586.473905194,79500,26910.575230717,578158.006837402,0.0465453646104831,1,0.0465453646104831,1,744161.785104809,744161.785104809,34637.2816168913,82586.473905194
"5 - Bute Inlet","1988",112712.357468095,108500,26910.575230717,578158.006837402,0.0465453646104831,1,0.0465453646104831,1,946232.935886452,946232.935886452,44042.7570072827,112712.357468095
"5 - Bute Inlet","1989",22854.1185649593,22000,26910.575230717,578158.006837402,0.0465453646104831,1,0.0465453646104831,1.00598931721584,334904.947208261,336910.799174247,15681.6359887746,22854.1185649593
"5 - Bute Inlet","1990",12465.8828536142,12000,26910.575230717,578158.006837402,0.0465453646104831,1,0.0465453646104831,1,832381.019507733,832381.019507733,38743.478047833,12465.8828536142
"5 - Bute Inlet","1991",44934.1556099485,8500,26910.575230717,578158.006837402,0.0465453646104831,1,0.0465453646104831,1.00598931721584,719588.319398654,723898.162108349,33694.1038961917,44934.1556099485
"5 - Bute Inlet","1992",197376.478515558,190000,26910.575230717,578158.006837402,0.0465453646104831,1,0.0465453646104831,1,1061152.75947439,1061152.75947439,49391.7420971556,197376.478515558
"5 - Bute Inlet","1993",200492.949228961,193000,26910.575230717,578158.006837402,0.0465453646104831,1,0.0465453646104831,1,1002843.38512914,1002843.38512914,46677.711008047,200492.949228961
"5 - Bute Inlet","1994",106479.416041288,102500,26910.575230717,578158.006837402,0.0465453646104831,1,0.0465453646104831,1,951459.930888219,951459.930888219,44286.0493954572,106479.416041288
"5 - Bute Inlet","1995",59212.9435546674,57000,26910.575230717,578158.006837402,0.0465453646104831,1,0.0465453646104831,1,489594.537552924,489594.537552924,22788.3562617017,59212.9435546674
"5 - Bute Inlet","1996",24572.420172351,24000,26910.575230717,578158.006837402,0.0465453646104831,1,0.0465453646104831,1.00598931721584,492468.280656109,495417.8294077,23059.4035043155,24572.420172351
"5 - Bute Inlet","1997",27797.550319972,27150,26910.575230717,578158.006837402,0.0465453646104831,1,0.0465453646104831,1,668345.372362384,668345.372362384,31108.3790423362,27797.550319972
"5 - Bute Inlet","1998",20686.2217012129,16000,26910.575230717,578158.006837402,0.0465453646104831,1,0.0465453646104831,1,866172.900155552,866172.900155552,40316.3334534597,20686.2217012129
"5 - Bute Inlet","1999",10392.0860312234,10150,26910.575230717,578158.006837402,0.0465453646104831,1,0.0465453646104831,1,362546.07166334,362546.07166334,16874.8390936685,10392.0860312234
"5 - Bute Inlet","2000",10343.1108506064,8000,26910.575230717,578158.006837402,0.0465453646104831,1,0.0465453646104831,1,470453.853598131,470453.853598131,21897.4461481318,10343.1108506064
"5 - Bute Inlet","2001",51715.5542530322,40000,26910.575230717,578158.006837402,0.0465453646104831,1,0.0465453646104831,1,1252554.33745858,1252554.33745858,58300.5983314517,51715.5542530322
"5 - Bute Inlet","2002",58772.1416308584,45458,26910.575230717,578158.006837402,0.0465453646104831,1,0.0465453646104831,1,1332254.60722625,1332254.60722625,62010.2764473418,58772.1416308584
"5 - Bute Inlet","2003",34500.7391310541,26685,26910.575230717,578158.006837402,0.0465453646104831,1,0.0465453646104831,1,1261558.47393937,1261558.47393937,58719.6991469525,34500.7391310541
"5 - Bute Inlet","2004",1247.5836145821,236,26910.575230717,578158.006837402,0.0465453646104831,1,0.0465453646104831,1.00598931721584,1886525.49578558,1897824.49541562,88334.9331058261,1247.5836145821
"5 - Bute Inlet","2005",NA,0,26910.575230717,578158.006837402,0.0465453646104831,0,0,1.05540788323757,783724.927035187,827149.466282728,38499.973495496,38499.973495496
"5 - Bute Inlet","2006",NA,0,26910.575230717,578158.006837402,0.0465453646104831,0,0,1.05540788323757,500786.287773899,528533.795933853,24600.7982407038,24600.7982407038
"5 - Bute Inlet","2007",507.491639830007,96,26910.575230717,578158.006837402,0.0465453646104831,1,0.0465453646104831,1.00598931721584,1186027.72516257,1193131.22143536,55534.7277298598,507.491639830007
"5 - Bute Inlet","2008",NA,0,26910.575230717,578158.006837402,0.0465453646104831,0,0,1.05540788323757,890869.950984278,940231.169208277,43763.40258894,43763.40258894
"5 - Bute Inlet","2009",NA,0,26910.575230717,578158.006837402,0.0465453646104831,0,0,1.05540788323757,1166746.20884873,1231393.1465565,57315.6429853222,57315.6429853222
"5 - Bute Inlet","2010",NA,0,26910.575230717,578158.006837402,0.0465453646104831,0,0,1.05540788323757,518549.583024868,547281.317774002,25473.4084802966,25473.4084802966
"5 - Bute Inlet","2011",NA,0,26910.575230717,578158.006837402,0.0465453646104831,0,0,1.05540788323757,895576.411481223,945198.404718899,43994.6043768881,43994.6043768881
"5 - Bute Inlet","2012",NA,0,26910.575230717,578158.006837402,0.0465453646104831,0,0,1.05540788323757,1780935.00942841,1879612.84848452,87487.2653592608,87487.2653592608
"5 - Bute Inlet","2013",NA,0,26910.575230717,578158.006837402,0.0465453646104831,0,0,1.05540788323757,1787987.93808044,1887056.56498379,87833.7358577761,87833.7358577761
"6 - Georgia Strait","1953",321917.988289138,306375,304828.797236529,578158.006837402,0.52724133131699,1,0.52724133131699,1,655239.293121711,655239.293121711,345469.237236694,321917.988289138
"6 - Georgia Strait","1954",439510.048689443,414750,304828.797236529,578158.006837402,0.52724133131699,1,0.52724133131699,1,815290.416454465,815290.416454465,429854.804581436,439510.048689443
"6 - Georgia Strait","1955",149242.800080146,142300,304828.797236529,578158.006837402,0.52724133131699,1,0.52724133131699,1,373422.839837656,373422.839837656,196883.955220177,149242.800080146
"6 - Georgia Strait","1956",177788.800417473,170626,304828.797236529,578158.006837402,0.52724133131699,1,0.52724133131699,1,355884.871798192,355884.871798192,187637.213602455,177788.800417473
"6 - Georgia Strait","1957",352149.029275955,338400,304828.797236529,578158.006837402,0.52724133131699,1,0.52724133131699,1,825407.213109553,825407.213109553,435188.797918527,352149.029275955
"6 - Georgia Strait","1958",463997.74273884,445925,304828.797236529,578158.006837402,0.52724133131699,1,0.52724133131699,1,895734.728911328,895734.728911328,472268.370978072,463997.74273884
"6 - Georgia Strait","1959",276043.044948098,264175,304828.797236529,578158.006837402,0.52724133131699,1,0.52724133131699,1,650525.772961875,650525.772961875,342984.074592433,276043.044948098
"6 - Georgia Strait","1960",142284.666901066,135875,304828.797236529,578158.006837402,0.52724133131699,1,0.52724133131699,1,333084.375514476,333084.375514476,175615.849587141,142284.666901066
"6 - Georgia Strait","1961",160120.706983481,153354,304828.797236529,578158.006837402,0.52724133131699,1,0.52724133131699,1,398159.170081716,398159.170081716,209925.970909952,160120.706983481
"6 - Georgia Strait","1962",191448.349291757,183652,304828.797236529,578158.006837402,0.52724133131699,1,0.52724133131699,1,434749.132555629,434749.132555629,229217.711437536,191448.349291757
"6 - Georgia Strait","1963",111083.252841027,106600,304828.797236529,578158.006837402,0.52724133131699,1,0.52724133131699,1,338928.838779634,338928.838779634,178697.292179896,111083.252841027
"6 - Georgia Strait","1964",157534.458694177,151175,304828.797236529,578158.006837402,0.52724133131699,1,0.52724133131699,1,450639.505883077,450639.505883077,237595.773025824,157534.458694177
"6 - Georgia Strait","1965",118292.159571393,113950,304828.797236529,578158.006837402,0.52724133131699,1,0.52724133131699,1,184985.112069886,184985.112069886,97531.7967615492,118292.159571393
"6 - Georgia Strait","1966",298723.304924389,286950,304828.797236529,578158.006837402,0.52724133131699,1,0.52724133131699,1,452358.460716835,452358.460716835,238502.077060848,298723.304924389
"6 - Georgia Strait","1967",186918.388853352,179757,304828.797236529,578158.006837402,0.52724133131699,1,0.52724133131699,1,408791.323897436,408791.323897436,215531.681842519,186918.388853352
"6 - Georgia Strait","1968",392875.550198102,378448,304828.797236529,578158.006837402,0.52724133131699,1,0.52724133131699,1,810143.817710594,810143.817710594,427141.305007963,392875.550198102
"6 - Georgia Strait","1969",284076.859003719,273705,304828.797236529,578158.006837402,0.52724133131699,1,0.52724133131699,1,510592.222416195,510592.222416195,269205.323106815,284076.859003719
"6 - Georgia Strait","1970",210063.961674511,202856,304828.797236529,578158.006837402,0.52724133131699,1,0.52724133131699,1,649984.555677688,649984.555677688,342698.722470986,210063.961674511
"6 - Georgia Strait","1971",137902.610454179,132444,304828.797236529,578158.006837402,0.52724133131699,1,0.52724133131699,1,251840.37101443,251840.37101443,132780.652493013,137902.610454179
"6 - Georgia Strait","1972",446291.166074934,429929,304828.797236529,578158.006837402,0.52724133131699,1,0.52724133131699,1,1277014.1400009,1277014.1400009,673294.635284696,446291.166074934
"6 - Georgia Strait","1973",323005.150322085,310684,304828.797236529,578158.006837402,0.52724133131699,1,0.52724133131699,1,1038407.11020033,1038407.11020033,547491.147231051,323005.150322085
"6 - Georgia Strait","1974",314813.562972902,300241,304828.797236529,578158.006837402,0.52724133131699,1,0.52724133131699,1,680164.562527367,680164.562527367,358610.869461567,314813.562972902
"6 - Georgia Strait","1975",161062.016850729,155456,304828.797236529,578158.006837402,0.52724133131699,1,0.52724133131699,1,326755.744120901,326755.744120901,172279.133545778,161062.016850729
"6 - Georgia Strait","1976",144449.129285617,139355,304828.797236529,578158.006837402,0.52724133131699,1,0.52724133131699,1,459900.845142425,459900.845142425,242478.733866701,144449.129285617
"6 - Georgia Strait","1977",336132.326037814,320199,304828.797236529,578158.006837402,0.52724133131699,1,0.52724133131699,1,729826.911132804,729826.911132804,384794.912256626,336132.326037814
"6 - Georgia Strait","1978",399898.998838849,373250,304828.797236529,578158.006837402,0.52724133131699,1,0.52724133131699,1,856880.608806499,856880.608806499,451782.872966851,399898.998838849
"6 - Georgia Strait","1979",183889.093150884,172337,304828.797236529,578158.006837402,0.52724133131699,1,0.52724133131699,1.00598931721584,326173.385685051,328126.941559285,173002.085508689,183889.093150884
"6 - Georgia Strait","1980",371147.595214958,350659,304828.797236529,578158.006837402,0.52724133131699,1,0.52724133131699,1.00598931721584,912141.414798879,917604.519077819,483799.028261076,371147.595214958
"6 - Georgia Strait","1981",338129.364673906,324142,304828.797236529,578158.006837402,0.52724133131699,1,0.52724133131699,1,730067.595423742,730067.595423742,384921.810962607,338129.364673906
"6 - Georgia Strait","1982",342955.069964312,331025,304828.797236529,578158.006837402,0.52724133131699,1,0.52724133131699,1.00598931721584,932016.981394343,937599.126746468,494341.011827455,342955.069964312
"6 - Georgia Strait","1983",316455.482194773,304072,304828.797236529,578158.006837402,0.52724133131699,1,0.52724133131699,1,614474.592923703,614474.592923703,323976.402433558,316455.482194773
"6 - Georgia Strait","1984",406571.50719825,391950,304828.797236529,578158.006837402,0.52724133131699,1,0.52724133131699,1.00598931721584,852547.267093903,857653.44311803,452190.34315815,406571.50719825
"6 - Georgia Strait","1985",585764.901645084,552294,304828.797236529,578158.006837402,0.52724133131699,1,0.52724133131699,1,1296528.26312302,1296528.26312302,683583.287539088,585764.901645084
"6 - Georgia Strait","1986",292861.76445262,276482,304828.797236529,578158.006837402,0.52724133131699,1,0.52724133131699,1,1027699.0096573,1027699.0096573,541845.394044865,292861.76445262
"6 - Georgia Strait","1987",470821.625372091,447881,304828.797236529,578158.006837402,0.52724133131699,1,0.52724133131699,1,744161.785104809,744161.785104809,392352.850293887,470821.625372091
"6 - Georgia Strait","1988",442245.489075973,426820,304828.797236529,578158.006837402,0.52724133131699,1,0.52724133131699,1,946232.935886452,946232.935886452,498893.112852757,442245.489075973
"6 - Georgia Strait","1989",181164.725285054,167017,304828.797236529,578158.006837402,0.52724133131699,1,0.52724133131699,1.00598931721584,334904.947208261,336910.799174247,177633.298291701,181164.725285054
"6 - Georgia Strait","1990",457178.563463105,421691,304828.797236529,578158.006837402,0.52724133131699,1,0.52724133131699,1,832381.019507733,832381.019507733,438865.676888251,457178.563463105
"6 - Georgia Strait","1991",396819.525687615,354285,304828.797236529,578158.006837402,0.52724133131699,1,0.52724133131699,1.00598931721584,719588.319398654,723898.162108349,381669.030727928,396819.525687615
"6 - Georgia Strait","1992",469967.795527793,442948,304828.797236529,578158.006837402,0.52724133131699,1,0.52724133131699,1,1061152.75947439,1061152.75947439,559483.593635974,469967.795527793
"6 - Georgia Strait","1993",561535.553783255,503861,304828.797236529,578158.006837402,0.52724133131699,1,0.52724133131699,1,1002843.38512914,1002843.38512914,528740.481477925,561535.553783255
"6 - Georgia Strait","1994",424064.83527282,393569,304828.797236529,578158.006837402,0.52724133131699,1,0.52724133131699,1,951459.930888219,951459.930888219,501649.000656276,424064.83527282
"6 - Georgia Strait","1995",202268.884672712,187102,304828.797236529,578158.006837402,0.52724133131699,1,0.52724133131699,1,489594.537552924,489594.537552924,258134.47578493,202268.884672712
"6 - Georgia Strait","1996",243990.917305205,223293,304828.797236529,578158.006837402,0.52724133131699,1,0.52724133131699,1.00598931721584,492468.280656109,495417.8294077,261204.755935089,243990.917305205
"6 - Georgia Strait","1997",273245.801205724,255778,304828.797236529,578158.006837402,0.52724133131699,1,0.52724133131699,1,668345.372362384,668345.372362384,352379.303903893,273245.801205724
"6 - Georgia Strait","1998",501798.876463604,477761,304828.797236529,578158.006837402,0.52724133131699,1,0.52724133131699,1,866172.900155552,866172.900155552,456682.153028712,501798.876463604
"6 - Georgia Strait","1999",269138.76975002,251095,304828.797236529,578158.006837402,0.52724133131699,1,0.52724133131699,1,362546.07166334,362546.07166334,191149.273487524,269138.76975002
"6 - Georgia Strait","2000",121428.44557632,110186,304828.797236529,578158.006837402,0.52724133131699,1,0.52724133131699,1,470453.853598131,470453.853598131,248042.716094287,121428.44557632
"6 - Georgia Strait","2001",518646.401318682,483630,304828.797236529,578158.006837402,0.52724133131699,1,0.52724133131699,1,1252554.33745858,1252554.33745858,660398.416428533,518646.401318682
"6 - Georgia Strait","2002",445138.855581087,414795,304828.797236529,578158.006837402,0.52724133131699,1,0.52724133131699,1,1332254.60722625,1332254.60722625,702419.692767163,445138.855581087
"6 - Georgia Strait","2003",515075.080023443,306844,304828.797236529,578158.006837402,0.52724133131699,1,0.52724133131699,1,1261558.47393937,1261558.47393937,665145.769334023,515075.080023443
"6 - Georgia Strait","2004",604325.354158939,329211,304828.797236529,578158.006837402,0.52724133131699,1,0.52724133131699,1.00598931721584,1886525.49578558,1897824.49541562,1000611.51356893,604325.354158939
"6 - Georgia Strait","2005",393563.128826546,205535,304828.797236529,578158.006837402,0.52724133131699,1,0.52724133131699,1.05540788323757,783724.927035187,827149.466282728,436107.385801043,393563.128826546
"6 - Georgia Strait","2006",390364.282051172,328668,304828.797236529,578158.006837402,0.52724133131699,1,0.52724133131699,1.05540788323757,500786.287773899,528533.795933853,278664.862214187,390364.282051172
"6 - Georgia Strait","2007",489880.664002134,416575,304828.797236529,578158.006837402,0.52724133131699,1,0.52724133131699,1.00598931721584,1186027.72516257,1193131.22143536,629068.093625446,489880.664002134
"6 - Georgia Strait","2008",370783.372954936,316461,304828.797236529,578158.006837402,0.52724133131699,1,0.52724133131699,1.05540788323757,890869.950984278,940231.169208277,495728.733399102,370783.372954936
"6 - Georgia Strait","2009",362684.912825974,289850,304828.797236529,578158.006837402,0.52724133131699,1,0.52724133131699,1.05540788323757,1166746.20884873,1231393.1465565,649241.361965066,362684.912825974
"6 - Georgia Strait","2010",253378.263469329,200930,304828.797236529,578158.006837402,0.52724133131699,1,0.52724133131699,1.05540788323757,518549.583024868,547281.317774002,288549.330588082,253378.263469329
"6 - Georgia Strait","2011",485352.393827415,418163,304828.797236529,578158.006837402,0.52724133131699,1,0.52724133131699,1.05540788323757,895576.411481223,945198.404718899,498347.665262687,485352.393827415
"6 - Georgia Strait","2012",662398.754085107,566363,304828.797236529,578158.006837402,0.52724133131699,1,0.52724133131699,1.05540788323757,1780935.00942841,1879612.84848452,991009.5805955,662398.754085107
"6 - Georgia Strait","2013",490559.434731058,335741,304828.797236529,578158.006837402,0.52724133131699,1,0.52724133131699,1.05540788323757,1787987.93808044,1887056.56498379,994934.215592518,490559.434731058
"7 - Howe Sound-Burrard Inlet","1953",40063.1224781759,30750,168153.741080796,578158.006837402,0.290843919987581,1,0.290843919987581,1,655239.293121711,655239.293121711,190572.36454141,40063.1224781759
"7 - Howe Sound-Burrard Inlet","1954",97258.929853523,74650,168153.741080796,578158.006837402,0.290843919987581,1,0.290843919987581,1,815290.416454465,815290.416454465,237122.260649924,97258.929853523
"7 - Howe Sound-Burrard Inlet","1955",41790.3391398829,32000,168153.741080796,578158.006837402,0.290843919987581,1,0.290843919987581,1,373422.839837656,373422.839837656,108607.762551278,41790.3391398829
"7 - Howe Sound-Burrard Inlet","1956",20901.0990857263,16000,168153.741080796,578158.006837402,0.290843919987581,1,0.290843919987581,1,355884.871798192,355884.871798192,103506.951178064,20901.0990857263
"7 - Howe Sound-Burrard Inlet","1957",112535.031026096,86375,168153.741080796,578158.006837402,0.290843919987581,1,0.290843919987581,1,825407.213109553,825407.213109553,240064.669446807,112535.031026096
"7 - Howe Sound-Burrard Inlet","1958",124358.537903801,95450,168153.741080796,578158.006837402,0.290843919987581,1,0.290843919987581,1,895734.728911328,895734.728911328,260518.999825584,124358.537903801
"7 - Howe Sound-Burrard Inlet","1959",257596.551982764,197650,168153.741080796,578158.006837402,0.290843919987581,1,0.290843919987581,1,650525.772961875,650525.772961875,189201.465861183,257596.551982764
"7 - Howe Sound-Burrard Inlet","1960",85300.7555136447,65450,168153.741080796,578158.006837402,0.290843919987581,1,0.290843919987581,1,333084.375514476,333084.375514476,96875.5654612456,85300.7555136447
"7 - Howe Sound-Burrard Inlet","1961",50437.5743067693,38700,168153.741080796,578158.006837402,0.290843919987581,1,0.290843919987581,1,398159.170081716,398159.170081716,115802.173805568,50437.5743067693
"7 - Howe Sound-Burrard Inlet","1962",80315.646425185,61625,168153.741080796,578158.006837402,0.290843919987581,1,0.290843919987581,1,434749.132555629,434749.132555629,126444.141923679,80315.646425185
"7 - Howe Sound-Burrard Inlet","1963",68260.1538583215,52375,168153.741080796,578158.006837402,0.290843919987581,1,0.290843919987581,1,338928.838779634,338928.838779634,98575.3920675075,68260.1538583215
"7 - Howe Sound-Burrard Inlet","1964",60896.5286688319,46725,168153.741080796,578158.006837402,0.290843919987581,1,0.290843919987581,1,450639.505883077,450639.505883077,131065.760392301,60896.5286688319
"7 - Howe Sound-Burrard Inlet","1965",25759.0010702338,20100,168153.741080796,578158.006837402,0.290843919987581,1,0.290843919987581,1,184985.112069886,184985.112069886,53801.7951337475,25759.0010702338
"7 - Howe Sound-Burrard Inlet","1966",43187.9769187503,33700,168153.741080796,578158.006837402,0.290843919987581,1,0.290843919987581,1,452358.460716835,452358.460716835,131565.707954432,43187.9769187503
"7 - Howe Sound-Burrard Inlet","1967",64173.2327657691,50075,168153.741080796,578158.006837402,0.290843919987581,1,0.290843919987581,1,408791.323897436,408791.323897436,118894.471099243,64173.2327657691
"7 - Howe Sound-Burrard Inlet","1968",178647.002447293,139400,168153.741080796,578158.006837402,0.290843919987581,1,0.290843919987581,1,810143.817710594,810143.817710594,235625.403696653,178647.002447293
"7 - Howe Sound-Burrard Inlet","1969",110675.728480139,86300,168153.741080796,578158.006837402,0.290843919987581,1,0.290843919987581,1,510592.222416195,510592.222416195,148502.643482697,110675.728480139
"7 - Howe Sound-Burrard Inlet","1970",183250.582439408,142875,168153.741080796,578158.006837402,0.290843919987581,1,0.290843919987581,1,649984.555677688,649984.555677688,189044.056104685,183250.582439408
"7 - Howe Sound-Burrard Inlet","1971",60955.2350918958,47920,168153.741080796,578158.006837402,0.290843919987581,1,0.290843919987581,1,251840.37101443,251840.37101443,73246.2407169634,60955.2350918958
"7 - Howe Sound-Burrard Inlet","1972",465238.883742634,365285,168153.741080796,578158.006837402,0.290843919987581,1,0.290843919987581,1,1277014.1400009,1277014.1400009,371411.798357431,465238.883742634
"7 - Howe Sound-Burrard Inlet","1973",362678.846106792,285622,168153.741080796,578158.006837402,0.290843919987581,1,0.290843919987581,1,1038407.11020033,1038407.11020033,302014.39447364,362678.846106792
"7 - Howe Sound-Burrard Inlet","1974",203955.011643887,160250,168153.741080796,578158.006837402,0.290843919987581,1,0.290843919987581,1,680164.562527367,680164.562527367,197821.727602098,203955.011643887
"7 - Howe Sound-Burrard Inlet","1975",99325.9130981374,78075,168153.741080796,578158.006837402,0.290843919987581,1,0.290843919987581,1,326755.744120901,326755.744120901,95034.9214985818,99325.9130981374
"7 - Howe Sound-Burrard Inlet","1976",177082.09930389,138819,168153.741080796,578158.006837402,0.290843919987581,1,0.290843919987581,1,459900.845142425,459900.845142425,133759.364606824,177082.09930389
"7 - Howe Sound-Burrard Inlet","1977",198095.871811107,155830,168153.741080796,578158.006837402,0.290843919987581,1,0.290843919987581,1,729826.911132804,729826.911132804,212265.719746292,198095.871811107
"7 - Howe Sound-Burrard Inlet","1978",185254.629838167,145300,168153.741080796,578158.006837402,0.290843919987581,1,0.290843919987581,1,856880.608806499,856880.608806499,249218.515226627,185254.629838167
"7 - Howe Sound-Burrard Inlet","1979",53793.4955637074,42426,168153.741080796,578158.006837402,0.290843919987581,1,0.290843919987581,1.00598931721584,326173.385685051,328126.941559285,95433.7259366382,53793.4955637074
"7 - Howe Sound-Burrard Inlet","1980",336978.392640693,270037,168153.741080796,578158.006837402,0.290843919987581,1,0.290843919987581,1.00598931721584,912141.414798879,917604.519077819,266879.695326912,336978.392640693
"7 - Howe Sound-Burrard Inlet","1981",203323.057821514,162997,168153.741080796,578158.006837402,0.290843919987581,1,0.290843919987581,1,730067.595423742,730067.595423742,212335.721308948,203323.057821514
"7 - Howe Sound-Burrard Inlet","1982",196025.157965866,160156,168153.741080796,578158.006837402,0.290843919987581,1,0.290843919987581,1.00598931721584,932016.981394343,937599.126746468,272695.005399875,196025.157965866
"7 - Howe Sound-Burrard Inlet","1983",148691.281629227,120777,168153.741080796,578158.006837402,0.290843919987581,1,0.290843919987581,1,614474.592923703,614474.592923703,178716.199338703,148691.281629227
"7 - Howe Sound-Burrard Inlet","1984",212028.581323031,187417,168153.741080796,578158.006837402,0.290843919987581,1,0.290843919987581,1.00598931721584,852547.267093903,857653.44311803,249443.289387293,212028.581323031
"7 - Howe Sound-Burrard Inlet","1985",445696.348017348,408655,168153.741080796,578158.006837402,0.290843919987581,1,0.290843919987581,1,1296528.26312302,1296528.26312302,377087.36242139,445696.348017348
"7 - Howe Sound-Burrard Inlet","1986",286305.178811044,251078,168153.741080796,578158.006837402,0.290843919987581,1,0.290843919987581,1,1027699.0096573,1027699.0096573,298900.008536083,286305.178811044
"7 - Howe Sound-Burrard Inlet","1987",114397.033864407,100626,168153.741080796,578158.006837402,0.290843919987581,1,0.290843919987581,1,744161.785104809,744161.785104809,216434.930684838,114397.033864407
"7 - Howe Sound-Burrard Inlet","1988",135990.40487159,125512,168153.741080796,578158.006837402,0.290843919987581,1,0.290843919987581,1,946232.935886452,946232.935886452,275206.096294573,135990.40487159
"7 - Howe Sound-Burrard Inlet","1989",85394.1727436787,77611,168153.741080796,578158.006837402,0.290843919987581,1,0.290843919987581,1.00598931721584,334904.947208261,336910.799174247,97988.4575179866,85394.1727436787
"7 - Howe Sound-Burrard Inlet","1990",130580.238157304,115434,168153.741080796,578158.006837402,0.290843919987581,1,0.290843919987581,1,832381.019507733,832381.019507733,242092.958636888,130580.238157304
"7 - Howe Sound-Burrard Inlet","1991",166422.386151606,162244,168153.741080796,578158.006837402,0.290843919987581,1,0.290843919987581,1.00598931721584,719588.319398654,723898.162108349,210541.379139398,166422.386151606
"7 - Howe Sound-Burrard Inlet","1992",204841.010178042,77134,168153.741080796,578158.006837402,0.290843919987581,1,0.290843919987581,1,1061152.75947439,1061152.75947439,308629.828271169,204841.010178042
"7 - Howe Sound-Burrard Inlet","1993",146376.013382175,54465,168153.741080796,578158.006837402,0.290843919987581,1,0.290843919987581,1,1002843.38512914,1002843.38512914,291670.901264575,146376.013382175
"7 - Howe Sound-Burrard Inlet","1994",303279.980884205,286942,168153.741080796,578158.006837402,0.290843919987581,1,0.290843919987581,1,951459.930888219,951459.930888219,276726.336010642,303279.980884205
"7 - Howe Sound-Burrard Inlet","1995",130188.964378361,79615,168153.741080796,578158.006837402,0.290843919987581,1,0.290843919987581,1,489594.537552924,489594.537552924,142395.594506399,130188.964378361
"7 - Howe Sound-Burrard Inlet","1996",199873.204511115,150492,168153.741080796,578158.006837402,0.290843919987581,1,0.290843919987581,1.00598931721584,492468.280656109,495417.8294077,144089.263536674,199873.204511115
"7 - Howe Sound-Burrard Inlet","1997",281405.039515281,67438,168153.741080796,578158.006837402,0.290843919987581,1,0.290843919987581,1,668345.372362384,668345.372362384,194384.188003435,281405.039515281
"7 - Howe Sound-Burrard Inlet","1998",114048.86094111,3817,168153.741080796,578158.006837402,0.290843919987581,1,0.290843919987581,1,866172.900155552,866172.900155552,251921.121668252,114048.86094111
"7 - Howe Sound-Burrard Inlet","1999",70753.9648790434,2496,168153.741080796,578158.006837402,0.290843919987581,1,0.290843919987581,1,362546.07166334,362546.07166334,105444.320658664,70753.9648790434
"7 - Howe Sound-Burrard Inlet","2000",324154.087847926,67929,168153.741080796,578158.006837402,0.290843919987581,1,0.290843919987581,1,470453.853598131,470453.853598131,136828.642953744,324154.087847926
"7 - Howe Sound-Burrard Inlet","2001",555492.303843117,117139,168153.741080796,578158.006837402,0.290843919987581,1,0.290843919987581,1,1252554.33745858,1252554.33745858,364297.813503901,555492.303843117
"7 - Howe Sound-Burrard Inlet","2002",576512.791490383,121357,168153.741080796,578158.006837402,0.290843919987581,1,0.290843919987581,1,1332254.60722625,1332254.60722625,387478.152387198,576512.791490383
"7 - Howe Sound-Burrard Inlet","2003",662505.826964353,149155,168153.741080796,578158.006837402,0.290843919987581,1,0.290843919987581,1,1261558.47393937,1261558.47393937,366916.611854076,662505.826964353
"7 - Howe Sound-Burrard Inlet","2004",1251451.95399392,283303,168153.741080796,578158.006837402,0.290843919987581,1,0.290843919987581,1.00598931721584,1886525.49578558,1897824.49541562,551970.715695132,1251451.95399392
"7 - Howe Sound-Burrard Inlet","2005",310445.801600254,69940,168153.741080796,578158.006837402,0.290843919987581,1,0.290843919987581,1.05540788323757,783724.927035187,827149.466282728,240571.393189304,310445.801600254
"7 - Howe Sound-Burrard Inlet","2006",44570.0076586746,2176,168153.741080796,578158.006837402,0.290843919987581,1,0.290843919987581,1.05540788323757,500786.287773899,528533.795933853,153720.841055318,44570.0076586746
"7 - Howe Sound-Burrard Inlet","2007",653679.672233977,323022,168153.741080796,578158.006837402,0.290843919987581,1,0.290843919987581,1.00598931721584,1186027.72516257,1193131.22143536,347014.96150183,653679.672233977
"7 - Howe Sound-Burrard Inlet","2008",477724.265837341,235551,168153.741080796,578158.006837402,0.290843919987581,1,0.290843919987581,1.05540788323757,890869.950984278,940231.169208277,273460.518947042,477724.265837341
"7 - Howe Sound-Burrard Inlet","2009",741897.376135712,365935,168153.741080796,578158.006837402,0.290843919987581,1,0.290843919987581,1.05540788323757,1166746.20884873,1231393.1465565,358143.209790334,741897.376135712
"7 - Howe Sound-Burrard Inlet","2010",241065.678710589,118862,168153.741080796,578158.006837402,0.290843919987581,1,0.290843919987581,1.05540788323757,518549.583024868,547281.317774002,159173.44379736,241065.678710589
"7 - Howe Sound-Burrard Inlet","2011",243753.548142429,119748,168153.741080796,578158.006837402,0.290843919987581,1,0.290843919987581,1.05540788323757,895576.411481223,945198.404718899,274905.209194452,243753.548142429
"7 - Howe Sound-Burrard Inlet","2012",1036564.37536165,478274,168153.741080796,578158.006837402,0.290843919987581,1,0.290843919987581,1.05540788323757,1780935.00942841,1879612.84848452,546673.968912262,1036564.37536165
"7 - Howe Sound-Burrard Inlet","2013",1253582.0807954,616316,168153.741080796,578158.006837402,0.290843919987581,1,0.290843919987581,1.05540788323757,1787987.93808044,1887056.56498379,548838.928598184,1253582.0807954
