"","CU","Year","Escape","Catch","TS","ER","Age3r","Age4r","Age5r","Age6r","Return","Age3b","Age4b","Age5b","Age6b","TR","Recruit"
"1","SCS",1953,104071,13163,117233,0.11,"NA","NA","NA","NA",117234,"NA","NA","0.00","0.00","NA",NA
"2","SCS",1954,124844,14894,139738,0.11,"NA","NA","NA","NA",139738,"NA","76258.57","576.36","0.00","NA",NA
"3","SCS",1955,58678,5766,64444,0.09,"NA","NA","NA","NA",64444,"58660.43","16672.64","173.47","0.00","75506.55",75506.1154575744
"4","SCS",1956,63437,8268,71705,0.12,"NA","NA","NA","NA",71705,"8572.99","11198.79","1058.42","0.00","20830.20",20830.2015002438
"5","SCS",1957,107986,5623,113609,0.05,"NA","NA","NA","NA",113609,"7225.74","48021.29","1512.01","0.00","56759.04",56759.0385431877
"6","SCS",1958,125423,9496,134918,0.07,"0.43","0.57","0.00","0.00",134919,"6098.29","17323.60","290.95","0.00","23712.84",23712.8447691959
"7","SCS",1959,23978,1844,25822,0.07,"0.33","0.65","0.02","0.00",25822,"72503.39","36775.75","314.78","0.00","109593.92",109594.56794516
"8","SCS",1960,16841,1757,18598,0.09,"0.39","0.60","0.01","0.00",18598,"19844.30","34603.62","70.22","0.00","54518.14",54518.4912100965
"9","SCS",1961,51918,3260,55178,0.06,"0.11","0.87","0.02","0.00",55178,"10361.60","1839.96","228.60","0.00","12430.16",12430.1648774267
"10","SCS",1962,89152,2187,91339,0.02,"0.79","0.19","0.02","0.00",91339,"1061.81","12782.83","758.42","0.00","14603.06",14603.0475857069
"11","SCS",1963,53777,3134,56912,0.06,"0.35","0.65","0.01","0.00",56911,"2389.57","20141.98","236.87","0.00","22768.42",22768.0558892189
"12","SCS",1964,44108,1172,45280,0.03,"0.23","0.76","0.01","0.00",45280,"35066.61","38833.17","2660.03","0.00","76559.81",76559.1454490585
"13","SCS",1965,2937,35,2972,0.01,"0.36","0.62","0.02","0.00",2972,"7880.96","36765.11","501.00","0.00","45147.06",45146.5569913279
"14","SCS",1966,15264,137,15401,0.01,"0.16","0.83","0.01","0.00",15401,"33022.86","48417.46","1881.97","0.00","83322.29",83321.7239015373
"15","SCS",1967,54402,1565,55966,0.03,"0.63","0.36","0.01","0.00",55967,"4560.55","8257.82","1138.09","0.00","13956.45",13955.9785025306
"16","SCS",1968,44636,2315,46951,0.05,"0.17","0.83","0.01","0.00",46951,"7199.21","56164.14","19507.62","236.02","83107.00",83106.580381099
"17","SCS",1969,69040,3408,72447,0.05,"0.46","0.51","0.04","0.00",72448,"4404.76","95060.75","17437.20","0.00","116902.71",116902.710435437
"18","SCS",1970,50229,3250,53479,0.06,"0.09","0.91","0.01","0.00",53479,"3103.63","36510.80","688.75","0.00","40303.17",40303.1739633217
"19","SCS",1971,16707,632,17338,0.04,"0.42","0.48","0.11","0.00",17339,"14212.99","8374.56","1215.60","0.00","23803.14",23803.1377037295
"20","SCS",1972,57124,4583,61707,0.07,"0.07","0.91","0.02","0.00",61707,"11676.70","70343.97","1205.71","0.00","83226.38",83226.3973274401
"21","SCS",1973,107268,10404,117672,0.09,"0.03","0.81","0.17","0.00",117672,"12443.44","40424.17","1024.40","0.00","53892.01",53892.7518331648
"22","SCS",1974,66458,1939,68397,0.03,"0.21","0.53","0.25","0.00",68397,"12745.12","41488.24","5248.59","0.00","59481.95",59482.1886721299
"23","SCS",1975,19392,1348,20740,0.06,"0.56","0.40","0.03","0.00",20740,"7070.36","14675.06","161.99","0.00","21907.41",21907.4163676705
"24","SCS",1976,77396,6607,84003,0.08,"0.15","0.84","0.01","0.00",84003,"11378.34","15659.84","1486.97","0.00","28525.15",28525.8629941057
"25","SCS",1977,53305,1070,54376,0.02,"0.23","0.74","0.02","0.00",54375,"6239.17","17614.67","5989.54","16.69","29860.06",29860.3437889784
"26","SCS",1978,45785,3798,49583,0.08,"0.14","0.84","0.02","0.00",49583,"3078.37","53898.53","9671.22","101.20","66749.32",66749.3225171437
"27","SCS",1979,30840,462,31302,0.01,"0.36","0.47","0.17","0.00",31302,"14445.93","20451.59","2597.24","0.00","37494.76",37494.7173619803
"28","SCS",1980,21008,1053,22062,0.05,"0.28","0.71","0.01","0.00",22061,"6413.50","26289.14","1316.74","0.00","34019.37",34018.8902308594
"29","SCS",1981,22015,165,22180,0.01,"0.14","0.79","0.07","0.00",22180,"28096.41","33571.26","2415.51","7.54","64090.71",64089.61650867
"30","SCS",1982,68381,5953,74334,0.08,"0.19","0.73","0.08","0.00",74334,"20562.01","21886.55","4763.47","167.36","47379.40",47379.0286473812
"31","SCS",1983,36099,454,36553,0.01,"0.18","0.56","0.26","0.00",36553,"3065.94","27328.40","6505.76","17.05","36917.15",36917.2877181722
"32","SCS",1984,56848,236,57083,0,"0.49","0.46","0.05","0.00",57084,"3853.59","37463.94","1055.41","23.45","42396.39",42397.178287993
"33","SCS",1985,54332,1118,55449,0.02,"0.37","0.61","0.02","0.00",55450,"3196.07","2806.80","1865.16","12.47","7880.50",7880.50743132699
"34","SCS",1986,25865,1503,27368,0.05,"0.11","0.80","0.09","0.00",27368,"537.74","28875.16","3446.71","36.43","32896.04",32895.1100542179
"35","SCS",1987,35611,342,35953,0.01,"0.11","0.76","0.13","0.00",35953,"357.23","3835.54","783.16","22.87","4998.80",4998.7861512791
"36","SCS",1988,44400,2796,47197,0.06,"0.07","0.79","0.14","0.00",47196,"1099.27","8444.84","1201.95","44.88","10790.95",10790.9489498793
"37","SCS",1989,4207,210,4417,0.05,"0.12","0.64","0.24","0.00",4417,"359.57","3343.40","1247.45","35.49","4985.91",4985.89677175114
"38","SCS",1990,29131,1990,31120,0.06,"0.01","0.93","0.06","0.00",31121,"212.79","3173.24","584.66","32.53","4003.22",4003.00634973772
"39","SCS",1991,8213,181,8394,0.02,"0.13","0.46","0.41","0.00",8394,"484.43","1601.66","399.51","0.18","2485.78",2485.20480875022
"40","SCS",1992,8942,682,9624,0.07,"0.04","0.88","0.08","0.00",9624,"563.20","3217.53","11.97","4.36","3797.07",3796.86483690529
"41","SCS",1993,4517,264,4781,0.06,"0.04","0.70","0.25","0.00",4781,"1127.42","210.67","274.53","3.50","1616.13",1616.12553433334
"42","SCS",1994,4633,317,4950,0.06,"0.10","0.64","0.25","0.01",4950,"35.13","4672.49","356.41","15.85","5079.87",5079.87128463161
"43","SCS",1995,2674,111,2784,0.04,"0.20","0.58","0.21","0.01",2785,"691.62","1187.21","196.05","0.00","2074.88",2074.88450018665
"44","SCS",1996,4659,118,4777,0.02,"0.24","0.67","0.08","0.01",4777,"222.88","2781.56","35.42","0.00","3039.86",3039.8574178138
"45","SCS",1997,254,4,258,0.01,"0.14","0.82","0.05","0.00",258,"328.54","830.42","340.67","4.82","1504.46",1504.45541746431
"46","SCS",1998,5413,230,5643,0.04,"0.12","0.83","0.05","0.00",5643,"343.16","1831.22","164.46","3.95","2342.78",2342.78055261695
"47","SCS",1999,1748,22,1770,0.01,"0.13","0.67","0.20","0.00",1770,"540.11","3084.83","308.51","208.43","4141.89",4141.88821095473
"48","SCS",2000,3178,144,3322,0.04,"0.10","0.84","0.06","0.00",3322,"375.89","809.30","1883.45","0.00","3068.65",3068.64596917301
"49","SCS",2001,1189,20,1209,0.02,"0.28","0.69","0.03","0.00",1209,"218.19","11246.12","431.57","0.00","11895.87",11895.8704521341
"50","SCS",2002,2647,65,2712,0.02,"0.20","0.68","0.13","0.00",2712,"2004.00","8336.59","16.31","15.12","10372.02",10372.1182657569
"51","SCS",2003,3499,131,3630,0.04,"0.10","0.85","0.05","0.00",3630,"1757.84","146.82","1772.88","16.90","3694.45",3695.31058118103
"52","SCS",2004,1277,59,1336,0.04,"0.16","0.61","0.23","0.00",1336,"6.87","6020.62","355.81","0.00","6383.30",6383.33565838727
"53","SCS",2005,14645,697,15342,0.05,"0.13","0.73","0.12","0.01",15342,"5098.38","6170.47","96.43","4.55","11369.83",11370.037284281
"54","SCS",2006,10042,484,10526,0.05,"0.17","0.79","0.04","0.00",10526,"253.82","258.14","107.03","0.00","618.99",619.566620452582
"55","SCS",2007,169,1,171,0.01,"0.04","0.86","0.10","0.00",170,"104.44","5864.59","6627.98","NA","NA",NA
"56","SCS",2008,12671,236,12907,0.02,"0.40","0.47","0.14","0.00",12907,"107.83","9756.43","NA","NA","NA",NA
"57","SCS",2009,6665,132,6797,0.02,"0.04","0.91","0.05","0.00",6797,"3073.39","NA","NA","NA","NA",NA
"58","SCS",2010,455,4,460,0.01,"0.23","0.56","0.21","0.00",459,"NA","NA","NA","NA","NA",NA
"59","SCS",2011,5882,202,6085,0.03,"0.02","0.96","0.02","0.00",6084,"NA","NA","NA","NA","NA",NA
"60","SCS",2012,25392,329,25721,0.01,"0.12","0.38","0.26","0.00",25721,"NA","NA","NA","NA","NA",NA
"61","NEVI",1953,120425,38734,159159,0.24,"NA","NA","NA","NA",159159,"NA","NA","0.00","0.00","NA",NA
"62","NEVI",1954,95823,29352,125175,0.23,"NA","NA","NA","NA",125175,"NA","55220.61","864.70","0.00","NA",NA
"63","NEVI",1955,100586,22489,123075,0.18,"NA","NA","NA","NA",123075,"42477.39","25013.49","641.21","0.00","68132.09",68132.0806474589
"64","NEVI",1956,55933,17029,72962,0.23,"NA","NA","NA","NA",72962,"12861.81","41394.81","1329.35","0.00","55585.97",55585.3679123922
"65","NEVI",1957,67608,7264,74872,0.1,"NA","NA","NA","NA",74872,"26708.98","60313.38","493.37","0.00","87515.72",87515.3506773717
"66","NEVI",1958,82787,14911,97698,0.15,"0.43","0.57","0.00","0.00",97698,"7659.28","5652.71","135.28","0.00","13447.26",13447.4506277133
"67","NEVI",1959,32948,5792,38740,0.15,"0.33","0.65","0.02","0.00",38740,"23657.92","17099.04","247.58","0.00","41004.54",41005.3346769334
"68","NEVI",1960,55452,13293,68744,0.19,"0.39","0.60","0.01","0.00",68745,"9226.69","27216.73","668.89","0.00","37112.30",37112.3208194926
"69","NEVI",1961,60965,8337,69302,0.12,"0.11","0.87","0.02","0.00",69302,"8149.69","17525.47","702.15","0.00","26377.32",26377.940758843
"70","NEVI",1962,28240,1564,29805,0.05,"0.79","0.19","0.02","0.00",29804,"10113.64","39263.16","322.18","0.00","49698.98",49699.3360274569
"71","NEVI",1963,23169,3292,26461,0.12,"0.35","0.65","0.01","0.00",26461,"7339.69","8556.39","458.94","0.00","16355.01",16355.0060516647
"72","NEVI",1964,33827,1787,35614,0.05,"0.23","0.76","0.01","0.00",35614,"14896.43","75238.80","612.58","0.00","90747.81",90746.9806273917
"73","NEVI",1965,27666,642,28309,0.02,"0.36","0.62","0.02","0.00",28308,"15269.27","8466.61","287.27","0.00","24023.15",24022.9811292352
"74","NEVI",1966,46506,799,47305,0.02,"0.16","0.83","0.01","0.00",47305,"7604.81","27762.70","1166.70","0.00","36534.20",36534.204837241
"75","NEVI",1967,22297,1478,23775,0.06,"0.63","0.36","0.01","0.00",23775,"2615.03","5119.28","643.81","0.00","8378.12",8378.1202064917
"76","NEVI",1968,80966,10001,90966,0.11,"0.17","0.83","0.01","0.00",90967,"4463.02","31771.47","7429.08","35.40","43698.97",43698.8032433466
"77","NEVI",1969,14698,1986,16684,0.12,"0.46","0.51","0.04","0.00",16684,"2491.73","36201.96","2615.44","0.00","41309.13",41308.3227314918
"78","NEVI",1970,26325,4340,30665,0.14,"0.09","0.91","0.01","0.00",30665,"1181.95","5476.33","419.29","0.00","7077.57",7077.54705592674
"79","NEVI",1971,10013,736,10749,0.07,"0.42","0.48","0.11","0.00",10749,"2131.83","5098.22","145.07","0.00","7375.13",7375.11219033083
"80","NEVI",1972,29243,5664,34907,0.16,"0.07","0.91","0.02","0.00",34907,"7108.48","8394.92","417.40","0.00","15920.81",15919.9681576241
"81","NEVI",1973,35423,9390,44812,0.21,"0.03","0.81","0.17","0.00",44813,"1485.01","13994.38","493.45","0.00","15972.85",15972.6980035068
"82","NEVI",1974,9644,615,10259,0.06,"0.21","0.53","0.25","0.00",10259,"4412.21","19984.78","1406.13","0.00","25803.12",25803.1210009351
"83","NEVI",1975,10943,1683,12626,0.13,"0.56","0.40","0.03","0.00",12626,"3405.77","3931.54","143.58","0.00","7480.89",7480.8939376176
"84","NEVI",1976,8206,1819,10024,0.18,"0.15","0.84","0.01","0.00",10025,"3048.33","13880.27","3720.70","0.00","20649.30",20649.2977048598
"85","NEVI",1977,18106,718,18824,0.04,"0.23","0.74","0.02","0.00",18824,"5530.15","44075.58","6511.91","4.44","56122.08",56122.0844360417
"86","NEVI",1978,19890,3994,23884,0.17,"0.14","0.84","0.02","0.00",23884,"7702.72","58599.26","2571.99","82.25","68956.23",68956.2264227636
"87","NEVI",1979,8147,239,8386,0.03,"0.36","0.47","0.17","0.00",8386,"15705.82","5438.95","2111.00","0.00","23255.77",23255.7720065814
"88","NEVI",1980,17485,2069,19554,0.11,"0.28","0.71","0.01","0.00",19554,"1705.62","21367.41","2023.52","0.00","25096.56",25096.5556257755
"89","NEVI",1981,54652,847,55499,0.02,"0.14","0.79","0.07","0.00",55499,"22836.34","51591.36","10339.96","3.89","84771.54",84771.5440922342
"90","NEVI",1982,67025,13792,80817,0.17,"0.19","0.73","0.08","0.00",80817,"31599.12","93688.80","2457.59","489.16","128234.67",128234.666105599
"91","NEVI",1983,9498,223,9721,0.02,"0.18","0.56","0.26","0.00",9721,"13124.24","14099.37","19014.82","126.49","46364.92",46364.9205986207
"92","NEVI",1984,45990,407,46397,0.01,"0.49","0.46","0.05","0.00",46397,"1988.16","109498.44","7829.43","82.73","119398.76",119398.755419239
"93","NEVI",1985,81689,3525,85214,0.04,"0.37","0.61","0.02","0.00",85214,"9341.37","20821.91","6580.78","137.99","36882.04",36882.0410948302
"94","NEVI",1986,102780,14373,117153,0.12,"0.11","0.80","0.09","0.00",117153,"3989.17","101879.08","38136.00","637.23","144641.48",144641.481773007
"95","NEVI",1987,18192,357,18549,0.02,"0.11","0.76","0.13","0.00",18549,"1260.41","42438.15","13700.29","361.73","57760.58",57760.5792692025
"96","NEVI",1988,117169,20774,137943,0.15,"0.07","0.79","0.14","0.00",137943,"12162.86","147731.23","19013.47","1015.21","179922.77",179922.768776173
"97","NEVI",1989,29181,3586,32767,0.11,"0.12","0.64","0.24","0.00",32767,"6290.25","52888.75","28216.05","946.23","88341.28",88341.284634073
"98","NEVI",1990,93774,16029,109803,0.15,"0.01","0.93","0.06","0.00",109803,"3366.05","71775.41","15588.25","34.09","90763.80",90763.8033185387
"99","NEVI",1991,88601,4274,92875,0.05,"0.13","0.46","0.41","0.00",92875,"10957.33","42703.53","418.66","55.72","54135.24",54135.2387414917
"100","NEVI",1992,143110,25249,168359,0.15,"0.04","0.88","0.08","0.00",168359,"15015.99","3371.78","3607.71","144.59","22140.07",22140.0663537979
"101","NEVI",1993,66190,9440,75630,0.12,"0.04","0.70","0.25","0.00",75630,"1181.47","63478.72","9093.59","5.36","73759.14",73759.1908603577
"102","NEVI",1994,95994,15970,111964,0.14,"0.10","0.64","0.25","0.01",111964,"10584.12","154773.40","546.09","16.28","165919.89",165920.716106076
"103","NEVI",1995,67508,6746,74254,0.09,"0.20","0.58","0.21","0.01",74254,"22909.42","1819.05","201.42","0.00","24929.90",24929.9595650614
"104","NEVI",1996,4744,262,5006,0.05,"0.24","0.67","0.08","0.01",5006,"341.50","2857.75","2304.68","0.00","5503.93",5503.08778281249
"105","NEVI",1997,75428,2311,77739,0.03,"0.14","0.82","0.05","0.00",77739,"337.54","54027.51","26551.15","33.19","80949.40",80949.297414765
"106","NEVI",1998,165446,21475,186922,0.11,"0.12","0.83","0.05","0.00",186921,"22325.81","142721.42","1132.39","5.79","166185.42",166185.418581989
"107","NEVI",1999,2641,71,2712,0.03,"0.13","0.67","0.20","0.00",2712,"42095.43","21241.13","451.91","810.38","64598.86",64599.0864979179
"108","NEVI",2000,3110,303,3412,0.09,"0.10","0.84","0.06","0.00",3413,"2588.28","1185.48","7322.76","0.00","11096.53",11097.1366524737
"109","NEVI",2001,75934,2724,78658,0.03,"0.28","0.69","0.03","0.00",78658,"319.60","43724.40","2365.21","0.00","46409.21",46409.4141059938
"110","NEVI",2002,198442,12926,211368,0.06,"0.20","0.68","0.13","0.00",211368,"7791.45","45688.90","1470.29","10.45","54961.09",54961.8850623015
"111","NEVI",2003,22783,2212,24995,0.09,"0.10","0.85","0.05","0.00",24995,"9633.90","13232.64","1225.37","8.22","24100.13",24100.2943838258
"112","NEVI",2004,1758,199,1958,0.1,"0.16","0.61","0.23","0.00",1957,"619.07","4161.30","173.06","0.00","4953.44",4953.43525955985
"113","NEVI",2005,51991,7658,59649,0.13,"0.13","0.73","0.12","0.01",59649,"3523.87","3001.26","4475.05","64.78","11064.97",11065.1780187254
"114","NEVI",2006,51092,6596,57689,0.11,"0.17","0.79","0.04","0.00",57688,"123.45","11980.15","1523.90","0.00","13627.51",13628.0681782496
"115","NEVI",2007,14685,637,15322,0.04,"0.04","0.86","0.10","0.00",15322,"4846.80","83500.07","5152.20","NA","NA",NA
"116","NEVI",2008,8488,433,8921,0.05,"0.40","0.47","0.14","0.00",8921,"1535.25","7584.08","NA","NA","NA",NA
"117","NEVI",2009,3124,182,3306,0.05,"0.04","0.91","0.05","0.00",3306,"2389.07","NA","NA","NA","NA",NA
"118","NEVI",2010,20844,458,21303,0.02,"0.23","0.56","0.21","0.00",21302,"NA","NA","NA","NA","NA",NA
"119","NEVI",2011,80013,6611,86624,0.08,"0.02","0.96","0.02","0.00",86624,"NA","NA","NA","NA","NA",NA
"120","NEVI",2012,19323,671,19994,0.03,"0.12","0.38","0.26","0.00",19994,"NA","NA","NA","NA","NA",NA
"121","UK",1953,17250,3613,20863,0.17,"NA","NA","NA","NA",20863,"NA","NA","0.00","0.00","NA",NA
"122","UK",1954,6500,1290,7790,0.17,"NA","NA","NA","NA",7790,"NA","25451.17","503.17","0.00","NA",NA
"123","UK",1955,4650,751,5401,0.14,"NA","NA","NA","NA",5401,"19577.83","14555.47","209.98","0.00","34343.28",34343.2775544852
"124","UK",1956,18000,3903,21903,0.18,"NA","NA","NA","NA",21903,"7484.35","13555.60","888.72","0.00","21928.68",21928.6752921461
"125","UK",1957,38900,3332,42232,0.08,"NA","NA","NA","NA",42232,"8746.42","40321.77","284.28","0.00","49352.46",49352.462447059
"126","UK",1958,40000,5029,45029,0.11,"0.43","0.57","0.00","0.00",45029,"5120.51","3257.08","54.69","0.00","8432.28",8432.27909960134
"127","UK",1959,20000,2543,22543,0.11,"0.33","0.65","0.02","0.00",22543,"13631.64","6912.38","119.79","0.00","20663.81",20663.8067508874
"128","UK",1960,19250,3262,22512,0.14,"0.39","0.60","0.01","0.00",22512,"3729.94","13168.18","54.82","0.00","16952.93",16952.9313106538
"129","UK",1961,42000,4331,46331,0.09,"0.11","0.87","0.02","0.00",46331,"3943.04","1436.31","65.41","0.00","5444.76",5444.76285583869
"130","UK",1962,16500,673,17173,0.04,"0.79","0.19","0.02","0.00",17173,"828.87","3657.81","14.16","0.00","4500.84",4500.84164357162
"131","UK",1963,9750,947,10697,0.09,"0.35","0.65","0.01","0.00",10697,"683.78","376.09","7.40","0.00","1067.26",1067.25672280408
"132","UK",1964,16500,731,17231,0.04,"0.23","0.76","0.01","0.00",17231,"654.75","1212.53","5.14","0.00","1872.42",1872.38583682082
"133","UK",1965,2275,45,2320,0.02,"0.36","0.62","0.02","0.00",2320,"246.08","71.05","115.38","0.00","432.50",431.990871198397
"134","UK",1966,4342,65,4407,0.01,"0.16","0.83","0.01","0.00",4407,"63.81","11150.35","128.19","0.00","11342.35",11341.8907809169
"135","UK",1967,998,47,1045,0.04,"0.63","0.36","0.01","0.00",1045,"1050.28","562.46","831.86","0.00","2444.59",2444.59051515527
"136","UK",1968,1350,116,1466,0.08,"0.17","0.83","0.01","0.00",1466,"490.36","41051.61","6578.97","33.16","48154.09",48154.0906874631
"137","UK",1969,129,11,139,0.08,"0.46","0.51","0.04","0.00",140,"3219.54","32059.33","2450.24","0.00","37729.11",37729.1093426054
"138","UK",1970,11119,1197,12316,0.1,"0.09","0.91","0.01","0.00",12316,"1046.70","5130.42","287.89","0.00","6465.01",6465.00735065732
"139","UK",1971,1112,69,1181,0.06,"0.42","0.48","0.11","0.00",1181,"1997.18","3500.43","340.44","0.00","5838.05",5838.0548356626
"140","UK",1972,39805,5298,45103,0.12,"0.07","0.91","0.02","0.00",45103,"4880.68","19700.63","27.01","0.00","24608.32",24608.3187220813
"141","UK",1973,34238,5447,39685,0.14,"0.03","0.81","0.17","0.00",39685,"3484.93","905.50","209.10","0.00","4599.53",4599.53094726671
"142","UK",1974,9186,425,9611,0.04,"0.21","0.53","0.25","0.00",9611,"285.49","8468.68","1223.87","0.00","9978.04",9978.03680237142
"143","UK",1975,7775,894,8669,0.1,"0.56","0.40","0.03","0.00",8669,"1443.22","3421.93","124.09","0.00","4989.24",4989.23517630995
"144","UK",1976,20600,2926,23526,0.12,"0.15","0.84","0.01","0.00",23526,"2653.20","11995.63","30.17","0.00","14679.00",14679.0043397097
"145","UK",1977,1180,38,1218,0.03,"0.23","0.74","0.02","0.00",1218,"4779.28","357.38","1518.46","0.48","6655.59",6655.59478851144
"146","UK",1978,8895,1226,10121,0.12,"0.14","0.84","0.02","0.00",10121,"62.46","13664.24","280.19","28.04","14034.93",14034.9256308474
"147","UK",1979,7129,170,7299,0.02,"0.36","0.47","0.17","0.00",7299,"3662.30","592.52","719.52","0.00","4974.33",4974.33299488648
"148","UK",1980,15600,1299,16899,0.08,"0.28","0.71","0.01","0.00",16899,"185.81","7282.89","0.38","0.00","7469.08",7469.07863086384
"149","UK",1981,445,5,450,0.01,"0.14","0.79","0.07","0.00",450,"7783.56","9.69","570.16","0.73","8364.14",8364.13963737826
"150","UK",1982,16466,2379,18845,0.13,"0.19","0.73","0.08","0.00",18845,"5.93","5166.15","462.53","11.54","5646.15",5646.14809813897
"151","UK",1983,1038,21,1059,0.02,"0.18","0.56","0.26","0.00",1059,"723.69","2653.56","448.55","28.36","3854.16",3854.1630067244
"152","UK",1984,15706,108,15814,0.01,"0.49","0.46","0.05","0.00",15814,"374.18","2583.01","1755.51","2.27","4714.96",4714.96374466754
"153","UK",1985,15,1,16,0.03,"0.37","0.61","0.02","0.00",16,"220.36","4668.68","180.22","21.04","5090.30",5090.2966014558
"154","UK",1986,5890,570,6460,0.09,"0.11","0.80","0.09","0.00",6460,"894.45","2790.00","5815.56","0.63","9500.64",9501.05317687419
"155","UK",1987,3436,55,3491,0.02,"0.11","0.76","0.13","0.00",3491,"34.52","6471.62","13.59","5.85","6525.57",6526.03098738108
"156","UK",1988,2945,309,3254,0.09,"0.07","0.79","0.14","0.00",3254,"1854.78","146.54","307.46","1.50","2310.28",2310.40827428708
"157","UK",1989,6783,564,7347,0.08,"0.12","0.64","0.24","0.00",7347,"6.24","855.26","41.58","3.22","906.30",906.312934006456
"158","UK",1990,2700,307,3007,0.1,"0.01","0.93","0.06","0.00",3007,"54.43","105.77","53.11","62.83","276.15",276.355171484667
"159","UK",1991,13664,499,14164,0.04,"0.13","0.46","0.41","0.00",14163,"16.15","145.50","771.50","1.63","934.79",935.359420339412
"160","UK",1992,148,19,167,0.11,"0.04","0.88","0.08","0.00",167,"51.16","6213.47","105.76","11.72","6382.11",6382.26998121387
"161","UK",1993,1115,108,1223,0.09,"0.04","0.70","0.25","0.00",1223,"2177.20","1860.94","736.99","0.27","4775.40",4774.58600569686
"162","UK",1994,148,17,165,0.1,"0.10","0.64","0.25","0.01",165,"310.28","12543.60","27.18","19.07","12900.14",12900.005263647
"163","UK",1995,237,16,254,0.06,"0.20","0.58","0.21","0.01",253,"1856.69","90.55","235.95","0.00","2183.19",2183.19024096819
"164","UK",1996,8853,372,9225,0.04,"0.24","0.67","0.08","0.01",9225,"17.00","3347.58","15.53","0.00","3380.11",3380.10734830217
"165","UK",1997,2224,55,2278,0.02,"0.14","0.82","0.05","0.00",2279,"395.40","364.04","484.63","10.69","1254.76",1254.75729964733
"166","UK",1998,14148,1001,15149,0.07,"0.12","0.83","0.05","0.00",15149,"150.43","2605.03","364.79","97.29","3217.54",3217.54290053374
"167","UK",1999,132,3,135,0.02,"0.13","0.67","0.20","0.00",135,"768.35","6842.71","7593.62","211.76","15416.44",15416.4380836422
"168","UK",2000,3717,281,3998,0.07,"0.10","0.84","0.06","0.00",3998,"833.80","19920.01","1913.53","0.00","22667.33",22667.3324751481
"169","UK",2001,516,14,530,0.03,"0.28","0.69","0.03","0.00",530,"5370.38","11425.71","543.00","0.00","17339.09",17339.0935128455
"170","UK",2002,3706,152,3858,0.04,"0.20","0.68","0.13","0.00",3858,"2036.00","10489.25","1801.07","17.93","14344.25",14344.2456178971
"171","UK",2003,7579,473,8052,0.06,"0.10","0.85","0.05","0.00",8052,"2211.75","16209.59","2102.68","49.64","20573.66",20573.6643632137
"172","UK",2004,30546,2338,32884,0.07,"0.16","0.61","0.23","0.00",32884,"758.34","7140.59","1045.02","0.00","8943.96",8943.95783980854
"173","UK",2005,14441,1146,15587,0.07,"0.13","0.73","0.12","0.01",15587,"6046.80","18122.87","1824.72","14.23","26008.61",26008.611677766
"174","UK",2006,12259,985,13244,0.07,"0.17","0.79","0.04","0.00",13244,"745.47","4884.97","334.64","0.00","5965.07",5965.07203835571
"175","UK",2007,18516,253,18769,0.01,"0.04","0.86","0.10","0.00",18769,"1976.31","18336.01","7467.01","NA","NA",NA
"176","UK",2008,14847,461,15308,0.03,"0.40","0.47","0.14","0.00",15308,"337.13","10991.48","NA","NA","NA",NA
"177","UK",2009,19326,637,19963,0.03,"0.04","0.91","0.05","0.00",19963,"3462.45","NA","NA","NA","NA",NA
"178","UK",2010,8546,140,8686,0.02,"0.23","0.56","0.21","0.00",8686,"NA","NA","NA","NA","NA",NA
"179","UK",2011,17990,1032,19022,0.05,"0.02","0.96","0.02","0.00",19022,"NA","NA","NA","NA","NA",NA
"180","UK",2012,28364,613,28977,0.02,"0.12","0.38","0.26","0.00",28977,"NA","NA","NA","NA","NA",NA
"181","LB",1953,26660,19417,46077,0.42,"NA","NA","NA","NA",46077,"NA","NA","0.00","0.00","NA",NA
"182","LB",1954,33389,23246,56635,0.41,"NA","NA","NA","NA",56635,"NA","30230.09","734.33","0.00","NA",NA
"183","LB",1955,10653,5082,15735,0.32,"NA","NA","NA","NA",15735,"23253.91","21242.09","121.74","0.00","44617.75",44617.747433312
"184","LB",1956,14985,9855,24840,0.4,"NA","NA","NA","NA",24840,"10922.58","7859.26","605.88","0.00","19387.72",19387.7241248803
"185","LB",1957,56760,12203,68963,0.18,"NA","NA","NA","NA",68963,"5071.00","27489.23","382.26","0.00","32942.48",32942.4976200004
"186","LB",1958,38387,15097,53484,0.28,"0.43","0.57","0.00","0.00",53484,"3490.89","4379.69","437.92","0.00","8308.50",8308.69765456295
"187","LB",1959,23918,8981,32899,0.27,"0.33","0.65","0.02","0.00",32899,"18330.05","55352.64","876.75","0.00","74559.44",74560.8891231764
"188","LB",1960,8610,4442,13052,0.34,"0.39","0.60","0.01","0.00",13052,"29868.44","96381.17","136.43","0.00","126386.04",126387.153431069
"189","LB",1961,24600,6986,31586,0.22,"0.11","0.87","0.02","0.00",31586,"28860.08","3574.68","495.61","0.00","32930.37",32930.6033228245
"190","LB",1962,20668,2424,23093,0.1,"0.79","0.19","0.02","0.00",23092,"2062.89","27713.71","1072.29","0.00","30848.88",30848.8812236218
"191","LB",1963,65183,20476,85660,0.24,"0.35","0.65","0.01","0.00",85659,"5180.68","28477.75","600.89","0.00","34259.32",34259.3238148492
"192","LB",1964,114401,11717,126119,0.09,"0.23","0.76","0.01","0.00",126118,"49578.96","98510.91","1163.07","0.00","149252.93",149252.933870398
"193","LB",1965,5529,245,5774,0.04,"0.36","0.62","0.02","0.00",5774,"19992.20","16075.09","2028.90","0.00","38096.20",38096.1956827962
"194","LB",1966,32342,1048,33390,0.03,"0.16","0.83","0.01","0.00",33390,"14438.84","196078.07","2480.79","0.00","212997.70",212997.699639711
"195","LB",1967,69242,9887,79129,0.12,"0.63","0.36","0.01","0.00",79129,"18469.03","10885.33","2198.85","0.00","31553.20",31553.1826070356
"196","LB",1968,93768,25336,119104,0.21,"0.17","0.83","0.01","0.00",119104,"9489.89","108511.93","35451.98","126.91","153580.70",153579.621131724
"197","LB",1969,24060,7617,31677,0.24,"0.46","0.51","0.04","0.00",31677,"8510.22","172757.67","9375.96","0.00","190643.86",190642.982887885
"198","LB",1970,157708,58868,216576,0.27,"0.09","0.91","0.01","0.00",216576,"5640.35","19631.82","924.50","0.00","26196.67",26196.6397400652
"199","LB",1971,20029,2827,22856,0.12,"0.42","0.48","0.11","0.00",22856,"7642.31","11241.04","361.74","0.00","19245.10",19245.1098239627
"200","LB",1972,83575,35646,119220,0.3,"0.07","0.91","0.02","0.00",119221,"15673.46","20933.28","832.28","0.00","37439.02",37439.8578717331
"201","LB",1973,131795,82055,213849,0.38,"0.03","0.81","0.17","0.00",213850,"3702.98","27904.02","618.57","0.00","32225.56",32225.708825953
"202","LB",1974,32431,4346,36777,0.12,"0.21","0.53","0.25","0.00",36777,"8797.70","25052.09","2346.96","0.00","36196.76",36196.7605758253
"203","LB",1975,21061,6778,27839,0.24,"0.56","0.40","0.03","0.00",27839,"4269.34","6562.10","159.85","0.00","10991.29",10991.288878948
"204","LB",1976,16592,8406,24999,0.34,"0.15","0.84","0.01","0.00",24998,"5087.94","15453.28","1576.73","0.00","22117.95",22117.9522587561
"205","LB",1977,34830,2704,37534,0.07,"0.23","0.74","0.02","0.00",37534,"6156.87","18678.06","5987.44","8.30","30830.67",30830.5940080363
"206","LB",1978,20754,9186,29940,0.31,"0.14","0.84","0.02","0.00",29940,"3264.21","53879.68","4811.93","41.20","61997.02",61996.2929017734
"207","LB",1979,13242,755,13997,0.05,"0.36","0.47","0.17","0.00",13997,"14440.88","10175.72","1057.34","0.00","25673.94",25673.7434626818
"208","LB",1980,17317,4453,21770,0.2,"0.28","0.71","0.01","0.00",21770,"3191.05","10702.36","1307.83","0.00","15201.23",15201.2339411699
"209","LB",1981,22810,709,23519,0.03,"0.14","0.79","0.07","0.00",23519,"11438.10","33344.22","4684.59","4.21","49471.12",49471.0315084462
"210","LB",1982,51325,22983,74307,0.31,"0.19","0.73","0.08","0.00",74308,"20422.95","42446.38","2659.77","464.11","65993.21",65992.4136205944
"211","LB",1983,17419,768,18187,0.04,"0.18","0.56","0.26","0.00",18187,"5946.03","15259.30","18041.22","61.87","39308.42",39308.3127301837
"212","LB",1984,22826,413,23239,0.02,"0.49","0.46","0.05","0.00",23239,"2151.72","103891.87","3829.77","113.09","109986.44",109986.441719948
"213","LB",1985,50660,4415,55075,0.08,"0.37","0.61","0.02","0.00",55075,"8863.07","10185.05","8995.29","25.79","28069.19",28069.1314636281
"214","LB",1986,40606,12471,53076,0.23,"0.11","0.80","0.09","0.00",53077,"1951.30","139258.77","7127.07","205.70","148542.84",148542.327400114
"215","LB",1987,19325,750,20075,0.04,"0.11","0.76","0.13","0.00",20075,"1722.86","7931.08","4422.51","149.16","14225.60",14226.0484977528
"216","LB",1988,92124,38756,130880,0.3,"0.07","0.79","0.14","0.00",130880,"2273.06","47688.27","7839.95","220.46","58021.74",58021.8701853787
"217","LB",1989,12588,3440,16028,0.21,"0.12","0.64","0.24","0.00",16028,"2030.52","21807.95","6127.37","436.10","30401.94",30401.943901273
"218","LB",1990,108495,41595,150089,0.28,"0.01","0.93","0.06","0.00",150090,"1387.94","15586.68","7184.27","113.97","24272.87",24272.8740215757
"219","LB",1991,15775,1582,17358,0.09,"0.13","0.46","0.41","0.00",17357,"2379.48","19681.10","1399.58","6.30","23466.45",23466.4534260022
"220","LB",1992,39417,14930,54347,0.27,"0.04","0.88","0.08","0.00",54347,"6920.53","11271.81","407.65","47.19","18647.17",18647.1741857644
"221","LB",1993,23703,7482,31185,0.24,"0.04","0.70","0.25","0.00",31185,"3949.64","7172.68","2967.81","16.28","14106.41",14106.4121801743
"222","LB",1994,17778,6536,24314,0.27,"0.10","0.64","0.25","0.01",24314,"1195.94","50512.23","1658.20","27.59","53393.96",53393.7552646809
"223","LB",1995,28052,6170,34222,0.18,"0.20","0.58","0.21","0.01",34222,"7476.77","5523.57","341.29","0.00","13341.63",13340.961031003
"224","LB",1996,15015,1720,16735,0.1,"0.24","0.67","0.08","0.01",16735,"1036.95","4842.18","1581.82","0.00","7460.95",7460.82816457337
"225","LB",1997,8275,509,8784,0.06,"0.14","0.82","0.05","0.00",8784,"571.94","37081.84","7108.85","24.33","44786.95",44786.8286321583
"226","LB",1998,46260,14744,61004,0.24,"0.12","0.83","0.05","0.00",61004,"15323.34","38212.46","830.17","64.70","54430.66",54429.9882603038
"227","LB",1999,7811,424,8234,0.05,"0.13","0.67","0.20","0.00",8235,"11270.70","15572.01","5049.79","337.73","32230.23",32230.0278061455
"228","LB",2000,4821,962,5783,0.17,"0.10","0.84","0.06","0.00",5783,"1897.49","13246.89","3051.80","0.00","18196.17",18196.1721292074
"229","LB",2001,50292,3695,53987,0.07,"0.28","0.69","0.03","0.00",53987,"3571.32","18222.35","593.80","0.00","22387.48",22387.4347701244
"230","LB",2002,49199,7393,56591,0.13,"0.20","0.68","0.13","0.00",56592,"3247.13","11470.54","2740.70","30.01","17488.37",17487.5781553953
"231","LB",2003,15001,3323,18324,0.18,"0.10","0.85","0.05","0.00",18324,"2418.66","24666.32","3518.71","112.65","30716.33",30716.1654806872
"232","LB",2004,17462,4406,21868,0.2,"0.16","0.61","0.23","0.00",21868,"1153.98","11949.34","2371.21","0.00","15474.53",15474.5293856113
"233","LB",2005,18235,6624,24859,0.27,"0.13","0.73","0.12","0.01",24859,"10118.94","41121.65","836.10","62.20","52138.89",52139.101631792
"234","LB",2006,11145,3338,14482,0.23,"0.17","0.79","0.04","0.00",14483,"1691.50","2238.33","1463.05","0.00","5392.89",5393.44759041315
"235","LB",2007,25407,3154,28561,0.11,"0.04","0.86","0.10","0.00",28561,"905.56","80165.81","9495.27","NA","NA",NA
"236","LB",2008,22884,2733,25617,0.11,"0.40","0.47","0.14","0.00",25617,"1473.94","13977.09","NA","NA","NA",NA
"237","LB",2009,39720,5577,45297,0.12,"0.04","0.91","0.05","0.00",45297,"4402.95","NA","NA","NA","NA",NA
"238","LB",2010,3804,176,3981,0.04,"0.23","0.56","0.21","0.00",3980,"NA","NA","NA","NA","NA",NA
"239","LB",2011,70411,12754,83165,0.15,"0.02","0.96","0.02","0.00",83165,"NA","NA","NA","NA","NA",NA
"240","LB",2012,34100,2748,36848,0.07,"0.12","0.38","0.26","0.00",36848,"NA","NA","NA","NA","NA",NA
"241","BI",1953,25500,25791,51291,0.5,"NA","NA","NA","NA",51291,"NA","NA","0.00","0.00","NA",NA
"242","BI",1954,18000,17434,35434,0.49,"NA","NA","NA","NA",35434,"NA","17860.30","536.05","0.00","18396.36",NA
"243","BI",1955,7950,4931,12881,0.38,"NA","NA","NA","NA",12881,"13738.70","15506.55","87.90","0.00","29333.15",29333.1507474431
"244","BI",1956,4850,4180,9030,0.46,"NA","NA","NA","NA",9030,"7973.39","5674.66","212.11","0.00","13860.17",13860.1702117125
"245","BI",1957,89500,22931,112431,0.2,"NA","NA","NA","NA",112431,"3661.44","9623.75","161.80","0.00","13446.99",13446.9853029505
"246","BI",1958,20750,10849,31599,0.34,"0.43","0.57","0.00","0.00",31599,"1222.13","1853.76","59.29","0.00","3135.19",3135.18953348645
"247","BI",1959,16150,7866,24016,0.33,"0.33","0.65","0.02","0.00",24016,"7758.44","7494.60","181.74","0.00","15434.78",15434.7815421021
"248","BI",1960,5600,3824,9424,0.41,"0.39","0.60","0.01","0.00",9424,"4044.11","19978.85","65.97","0.00","24088.93",24088.9309870097
"249","BI",1961,8150,2908,11058,0.26,"0.11","0.87","0.02","0.00",11058,"5982.41","1728.53","186.64","0.00","7897.57",7897.57004385769
"250","BI",1962,8500,1274,9774,0.13,"0.79","0.19","0.02","0.00",9774,"997.50","10436.42","181.60","0.00","11615.52",11615.5234744107
"251","BI",1963,8150,3448,11598,0.3,"0.35","0.65","0.01","0.00",11598,"1950.94","4822.89","131.47","0.00","6905.30",6905.29840137561
"252","BI",1964,23446,2697,26143,0.1,"0.23","0.76","0.01","0.00",26143,"8396.51","21553.40","427.27","0.00","30377.18",30377.1784783798
"253","BI",1965,2662,130,2792,0.05,"0.36","0.62","0.02","0.00",2792,"4374.13","5905.42","159.54","0.00","10439.09",10439.0876201597
"254","BI",1966,12150,424,12574,0.03,"0.16","0.83","0.01","0.00",12574,"5304.31","15418.19","653.30","0.00","21375.80",21375.8049456918
"255","BI",1967,11275,2126,13401,0.16,"0.63","0.36","0.01","0.00",13401,"1452.27","2866.59","4520.97","0.00","8839.83",8839.83447550649
"256","BI",1968,19146,6913,26059,0.27,"0.17","0.83","0.01","0.00",26059,"2499.11","223107.46","13926.82","177.22","239710.61",239710.612481206
"257","BI",1969,7999,3638,11637,0.31,"0.46","0.51","0.04","0.00",11637,"17497.57","67865.45","13093.26","0.00","98456.28",98456.5309186022
"258","BI",1970,11225,5805,17030,0.34,"0.09","0.91","0.01","0.00",17030,"2215.73","27415.26","339.63","0.00","29970.62",29971.1508488904
"259","BI",1971,5194,825,6019,0.14,"0.42","0.48","0.11","0.00",6019,"10672.26","4129.54","385.43","0.00","15187.23",15187.4352825737
"260","BI",1972,155824,89302,245126,0.36,"0.07","0.91","0.02","0.00",245126,"5757.84","22304.10","2138.77","0.00","30200.71",30200.7127781049
"261","BI",1973,44150,39858,84008,0.47,"0.03","0.81","0.17","0.00",84008,"3945.47","71707.09","5819.51","0.00","81472.07",81472.066035414
"262","BI",1974,43718,7640,51359,0.15,"0.21","0.53","0.25","0.00",51358,"22608.14","235690.51","6504.32","0.00","264802.97",264802.965535094
"263","BI",1975,7272,2955,10227,0.29,"0.56","0.40","0.03","0.00",10227,"40165.98","18186.07","1460.87","0.00","59812.92",59812.91977049
"264","BI",1976,15582,11053,26635,0.41,"0.15","0.84","0.01","0.00",26635,"14100.61","141224.65","9119.44","0.00","164444.70",164444.765683748
"265","BI",1977,88300,8154,96454,0.08,"0.23","0.74","0.02","0.00",96454,"56266.48","108029.21","26670.10","40.95","191006.75",191007.465257412
"266","BI",1978,176600,105076,281676,0.37,"0.14","0.84","0.02","0.00",281676,"18879.35","239998.34","23735.28","197.65","282810.63",282810.047720437
"267","BI",1979,36359,2432,38791,0.06,"0.36","0.47","0.17","0.00",38791,"64324.55","50192.64","5072.55","0.00","119589.75",119589.597821066
"268","BI",1980,148484,50468,198952,0.25,"0.28","0.71","0.01","0.00",198952,"15740.12","51344.05","2084.50","0.00","69168.67",69169.130115456
"269","BI",1981,131151,4877,136029,0.04,"0.14","0.79","0.07","0.00",136028,"54873.75","53146.11","34156.30","18.09","142194.25",142194.742771641
"270","BI",1982,207765,123228,330992,0.37,"0.19","0.73","0.08","0.00",330993,"32551.38","309485.01","11434.43","644.48","354115.31",354115.306231737
"271","BI",1983,85517,4192,89709,0.05,"0.18","0.56","0.26","0.00",89709,"43353.69","65600.17","25052.32","120.93","134127.10",134127.103960832
"272","BI",1984,109076,2412,111489,0.02,"0.49","0.46","0.05","0.00",111488,"9250.30","144265.86","7484.87","14.33","161015.36",161015.361069492
"273","BI",1985,79470,8312,87782,0.09,"0.37","0.61","0.02","0.00",87782,"12307.39","19905.58","1139.62","75.12","33427.71",33427.7091691788
"274","BI",1986,274392,112603,386995,0.29,"0.11","0.80","0.09","0.00",386995,"3813.61","17642.78","20759.95","1114.65","43331.00",43331.0026509064
"275","BI",1987,82586,3717,86303,0.04,"0.11","0.76","0.13","0.00",86303,"218.27","23101.89","23964.66","1367.19","48652.01",48652.0926712213
"276","BI",1988,112712,69030,181742,0.38,"0.07","0.79","0.14","0.00",181742,"6621.05","258412.73","71862.78","1443.25","338339.80",338340.680541342
"277","BI",1989,22854,8471,31325,0.27,"0.12","0.64","0.24","0.00",31325,"11002.96","199896.81","40112.69","977.27","251989.74",251989.772942164
"278","BI",1990,12466,6549,19015,0.34,"0.01","0.93","0.06","0.00",19015,"12722.22","102037.83","16099.64","191.15","131050.84",131050.843470356
"279","BI",1991,44934,5624,50558,0.11,"0.13","0.46","0.41","0.00",50558,"15577.23","44104.47","2347.29","21.37","62050.37",62050.3688424046
"280","BI",1992,197376,97119,294496,0.33,"0.04","0.88","0.08","0.00",294495,"15508.61","18904.44","1383.89","23.68","35820.61",35820.5679941399
"281","BI",1993,200493,85356,285849,0.3,"0.04","0.70","0.25","0.00",285849,"6624.12","24349.88","1489.26","21.88","32485.13",32484.3664991469
"282","BI",1994,106479,52692,159171,0.33,"0.10","0.64","0.25","0.01",159171,"4059.98","25347.20","2228.25","61.37","31696.79",31697.482267342
"283","BI",1995,59213,17477,76690,0.23,"0.20","0.58","0.21","0.01",76690,"3751.87","7422.44","759.13","0.00","11933.43",11933.557298002
"284","BI",1996,24572,3495,28067,0.12,"0.24","0.67","0.08","0.01",28067,"1393.43","10770.36","1651.03","0.00","13814.82",13814.8194759965
"285","BI",1997,27798,2022,29819,0.07,"0.14","0.82","0.05","0.00",29820,"1272.14","38704.22","8950.25","59.99","48986.60",48986.5971014605
"286","BI",1998,20686,9926,30613,0.32,"0.12","0.83","0.05","0.00",30612,"15993.76","48110.61","2046.65","4.96","66155.97",66155.9266603978
"287","BI",1999,10392,674,11066,0.06,"0.13","0.67","0.20","0.00",11066,"14190.14","38390.40","386.79","1161.97","54129.30",54128.4411241887
"288","BI",2000,10343,2520,12863,0.2,"0.10","0.84","0.06","0.00",12863,"4677.96","1014.66","10499.78","0.00","16192.40",16192.1745089825
"289","BI",2001,51716,4633,56349,0.08,"0.28","0.69","0.03","0.00",56349,"273.55","62694.44","2739.54","0.00","65707.52",65706.7891106844
"290","BI",2002,58772,12479,71251,0.18,"0.20","0.68","0.13","0.00",71251,"11171.81","52919.86","59.02","77.90","64228.58",64228.4492100772
"291","BI",2003,34501,10674,45174,0.24,"0.10","0.85","0.05","0.00",45175,"11158.61","531.14","9134.19","221.99","21045.92",21045.9213185857
"292","BI",2004,1248,427,1675,0.26,"0.16","0.61","0.23","0.00",1675,"24.85","31019.22","4672.95","0.00","35717.01",35716.9624873723
"293","BI",2005,55208,30320,85527,0.35,"0.13","0.73","0.12","0.01",85528,"26267.70","81038.61","7266.54","63.86","114636.71",114635.804003336
"294","BI",2006,46867,19951,66818,0.3,"0.17","0.79","0.04","0.00",66818,"3333.45","19453.26","1502.12","0.00","24288.83",24288.7926392212
"295","BI",2007,507,108,615,0.18,"0.04","0.86","0.10","0.00",615,"7870.20","82306.71","31143.34","NA","NA",NA
"296","BI",2008,56761,9738,66499,0.15,"0.40","0.47","0.14","0.00",66499,"1513.31","45843.18","NA","NA","NA",NA
"297","BI",2009,73885,15382,89266,0.17,"0.04","0.91","0.05","0.00",89267,"14441.14","NA","NA","NA","NA",NA
"298","BI",2010,32671,1919,34590,0.06,"0.23","0.56","0.21","0.00",34590,"NA","NA","NA","NA","NA",NA
"299","BI",2011,68776,16610,85386,0.19,"0.02","0.96","0.02","0.00",85386,"NA","NA","NA","NA","NA",NA
"300","BI",2012,108436,12421,120857,0.1,"0.12","0.38","0.26","0.00",120857,"NA","NA","NA","NA","NA",NA
"301","GS",1953,422714,1287903,1710617,0.75,"NA","NA","NA","NA",1710617,"NA","NA","0.00","0.00","NA",NA
"302","GS",1954,536506,1639953,2176459,0.75,"NA","NA","NA","NA",2176459,"NA","730549.70","20818.91","0.00","751368.60",NA
"303","GS",1955,253856,321058,574914,0.56,"NA","NA","NA","NA",574914,"561961.30","602234.23","5957.86","0.00","1170153.39",1170152.95727777
"304","GS",1956,241021,335395,576417,0.58,"NA","NA","NA","NA",576416,"309665.86","384622.20","7664.61","0.00","701952.67",701952.670270429
"305","GS",1957,453222,222180,675402,0.33,"NA","NA","NA","NA",675402,"248167.94","347748.37","7206.53","0.00","603122.84",603122.838144255
"306","GS",1958,563100,729411,1292510,0.56,"0.43","0.57","0.00","0.00",1292511,"44161.02","82567.77","2096.45","0.00","128825.25",128825.245186155
"307","GS",1959,419179,513540,932719,0.55,"0.33","0.65","0.02","0.00",932719,"345565.70","264990.14","2133.61","0.00","612689.45",612689.449009163
"308","GS",1960,288076,350672,638748,0.55,"0.39","0.60","0.01","0.00",638748,"142989.41","234547.28","3955.89","0.00","381492.58",381492.581106044
"309","GS",1961,223600,175974,399574,0.44,"0.11","0.87","0.02","0.00",399574,"70232.11","103648.43","6648.02","0.00","180528.57",180528.570083114
"310","GS",1962,295329,140011,435340,0.32,"0.79","0.19","0.02","0.00",435340,"59813.67","371744.64","4874.01","0.00","436432.33",436432.325322306
"311","GS",1963,257365,152711,410076,0.37,"0.35","0.65","0.01","0.00",410076,"69492.33","129443.52","4965.89","0.00","203901.75",203901.740219726
"312","GS",1964,262048,44865,306913,0.15,"0.23","0.76","0.01","0.00",306913,"225357.47","814117.77","29593.91","0.00","1069069.14",1069068.31717171
"313","GS",1965,152457,14961,167418,0.09,"0.36","0.62","0.02","0.00",167418,"165220.34","409026.05","8375.68","0.00","582622.07",582621.903249172
"314","GS",1966,419988,27897,447885,0.06,"0.16","0.83","0.01","0.00",447885,"367392.05","809446.74","38729.01","0.00","1215567.80",1215567.79522512
"315","GS",1967,289106,70569,359675,0.2,"0.63","0.36","0.01","0.00",359675,"76243.58","169937.00","28106.21","0.00","274286.79",274286.808287631
"316","GS",1968,675623,308681,984303,0.31,"0.17","0.83","0.01","0.00",984304,"148151.99","1387026.01","327067.49","2405.24","1864650.73",1864651.63945978
"317","GS",1969,487079,318933,806012,0.4,"0.46","0.51","0.04","0.00",806012,"108779.78","1593801.62","177699.73","0.00","1880281.12",1880281.19556761
"318","GS",1970,478269,415797,894066,0.47,"0.09","0.91","0.01","0.00",894066,"52035.89","372075.74","19621.72","0.00","443733.35",443733.351141717
"319","GS",1971,294410,62408,356818,0.17,"0.42","0.48","0.11","0.00",356818,"144842.30","238582.36","10201.28","0.00","393625.93",393625.934624858
"320","GS",1972,633121,890791,1523913,0.58,"0.07","0.91","0.02","0.00",1523912,"332656.92","590326.43","12909.33","0.00","935892.67",935892.692867469
"321","GS",1973,618529,1354376,1972905,0.69,"0.03","0.81","0.17","0.00",1972905,"104425.30","432814.09","27466.31","0.00","564705.69",564706.434800922
"322","GS",1974,520005,177018,697023,0.25,"0.21","0.53","0.25","0.00",697023,"136459.59","1112387.47","69682.12","0.00","1318529.19",1318529.42049032
"323","GS",1975,334373,256488,590861,0.43,"0.56","0.40","0.03","0.00",590861,"189571.22","194831.11","6974.65","0.00","391376.99",391376.985436924
"324","GS",1976,295437,409516,704953,0.58,"0.15","0.84","0.01","0.00",704953,"151062.76","674252.01","42665.89","0.00","867980.67",867980.670274307
"325","GS",1977,515680,66503,582184,0.11,"0.23","0.74","0.02","0.00",582183,"268634.33","505421.81","114479.78","350.93","888886.84",888886.843051828
"326","GS",1978,669535,659890,1329425,0.5,"0.14","0.84","0.02","0.00",1329425,"88328.30","1030178.06","203380.66","1560.48","1323447.50",1323447.49611217
"327","GS",1979,373298,42278,415576,0.1,"0.36","0.47","0.17","0.00",415576,"276109.16","430085.97","40048.23","0.00","746243.36",746243.359214187
"328","GS",1980,586193,363668,949861,0.38,"0.28","0.71","0.01","0.00",949861,"134872.44","405365.50","45653.03","0.00","585890.97",585890.971840667
"329","GS",1981,537317,99099,636416,0.16,"0.14","0.79","0.07","0.00",636416,"433232.80","1163960.52","151152.67","247.04","1748593.03",1748593.03013294
"330","GS",1982,600443,820324,1420767,0.58,"0.19","0.73","0.08","0.00",1420767,"712912.45","1369571.25","156154.61","5462.16","2244100.48",2244100.47304727
"331","GS",1983,596357,172333,768690,0.22,"0.18","0.56","0.26","0.00",768690,"191854.08","895870.35","212327.56","2620.18","1302672.16",1302672.02693753
"332","GS",1984,689496,190711,880207,0.22,"0.49","0.46","0.05","0.00",880207,"126327.00","1222705.97","162176.94","1230.75","1512440.66",1512439.86412436
"333","GS",1985,1083079,839447,1922526,0.44,"0.37","0.61","0.02","0.00",1922526,"104309.64","431300.17","97897.17","1880.01","635386.99",635386.92362449
"334","GS",1986,794236,918342,1712578,0.54,"0.11","0.80","0.09","0.00",1712578,"82630.72","1515575.94","519589.55","8675.26","2126471.46",2126471.46438238
"335","GS",1987,725488,453111,1178599,0.38,"0.11","0.76","0.13","0.00",1178599,"18750.14","578204.77","186515.10","12734.74","796204.75",796204.755292173
"336","GS",1988,693044,847286,1540329,0.55,"0.07","0.79","0.14","0.00",1540330,"165714.66","2011206.44","669366.51","19106.84","2865394.44",2865394.70398293
"337","GS",1989,336578,342150,678728,0.5,"0.12","0.64","0.24","0.00",678728,"85635.21","1861940.55","531043.89","7632.56","2486252.21",2486253.15961891
"338","GS",1990,715397,918057,1633454,0.56,"0.01","0.93","0.06","0.00",1633454,"118501.20","1350858.45","125738.88","3244.63","1598343.15",1598343.83462054
"339","GS",1991,665020,600369,1265389,0.47,"0.13","0.46","0.41","0.00",1265389,"206223.83","344457.70","39843.86","463.83","590989.22",590989.314370323
"340","GS",1992,823164,1468868,2292032,0.64,"0.04","0.88","0.08","0.00",2292032,"121122.86","320891.17","30029.75","2351.48","474395.27",474395.26514433
"341","GS",1993,1100668,1561875,2662544,0.59,"0.04","0.70","0.25","0.00",2662543,"112440.34","528381.78","147892.50","1246.02","789960.64",789960.642134206
"342","GS",1994,875682,1231551,2107234,0.58,"0.10","0.64","0.25","0.01",2107233,"88099.72","2517137.58","126896.18","1251.59","2733385.07",2733385.06904746
"343","GS",1995,407104,191848,598952,0.32,"0.20","0.58","0.21","0.01",598952,"372584.44","422698.62","15482.84","0.00","810765.89",810765.892840323
"344","GS",1996,390290,86130,476420,0.18,"0.24","0.67","0.08","0.01",476420,"79354.18","219667.51","33373.93","0.00","332395.61",332395.611605137
"345","GS",1997,565829,81252,647081,0.13,"0.14","0.82","0.05","0.00",647081,"25946.07","782369.32","210226.36","1505.42","1020047.16",1020047.28179152
"346","GS",1998,1218132,1821834,3039966,0.6,"0.12","0.83","0.05","0.00",3039966,"323298.76","1130037.96","51358.45","4532.53","1509227.70",1509228.37759766
"347","GS",1999,529304,100891,630195,0.16,"0.13","0.67","0.20","0.00",630195,"333302.68","963367.45","353770.03","14538.91","1664979.06",1664979.4935515
"348","GS",2000,204760,57588,262348,0.22,"0.10","0.84","0.06","0.00",262348,"117388.68","928029.70","131376.02","0.00","1176794.39",1176795.00019356
"349","GS",2001,895600,243442,1139042,0.21,"0.28","0.69","0.03","0.00",1139042,"250194.28","784449.39","50677.15","0.00","1085320.81",1085320.97259077
"350","GS",2002,891994,781573,1673568,0.47,"0.20","0.68","0.13","0.00",1673567,"139784.69","978934.18","81362.99","710.68","1200792.54",1200792.53632148
"351","GS",2003,756891,376729,1133620,0.33,"0.10","0.85","0.05","0.00",1133620,"206416.68","732266.91","83336.26","1765.86","1023785.70",1023785.56244875
"352","GS",2004,935793,596201,1531995,0.39,"0.16","0.61","0.23","0.00",1531994,"34258.10","283005.39","37171.75","0.00","354435.24",354434.775085241
"353","GS",2005,593178,476971,1070149,0.45,"0.13","0.73","0.12","0.01",1070149,"239654.68","644634.95","70657.52","1206.64","956153.77",956153.377747095
"354","GS",2006,719988,516040,1236028,0.42,"0.17","0.79","0.04","0.00",1236028,"26516.44","189157.23","28383.48","0.00","244057.15",244057.150506325
"355","GS",2007,631634,216254,847888,0.26,"0.04","0.86","0.10","0.00",847888,"76527.26","1555232.09","292224.58","NA","NA",NA
"356","GS",2008,485153,121554,606706,0.2,"0.40","0.47","0.14","0.00",606707,"28594.79","430156.35","NA","NA","NA",NA
"357","GS",2009,516986,193103,710089,0.27,"0.04","0.91","0.05","0.00",710089,"135504.32","NA","NA","NA","NA",NA
"358","GS",2010,314511,21831,336342,0.06,"0.23","0.56","0.21","0.00",336342,"NA","NA","NA","NA","NA",NA
"359","GS",2011,827665,785752,1613417,0.49,"0.02","0.96","0.02","0.00",1613417,"NA","NA","NA","NA","NA",NA
"360","GS",2012,871436,262591,1134027,0.23,"0.12","0.38","0.26","0.00",1134027,"NA","NA","NA","NA","NA",NA
"361","HSBI",1953,40317,208065,248382,0.84,"NA","NA","NA","NA",248382,"NA","NA","NA","NA","NA",NA
"362","HSBI",1954,97875,349391,447266,0.78,"NA","NA","NA","NA",447266,"NA","130060.48","10817.31","0.00","NA",NA
"363","HSBI",1955,42058,86331,128389,0.67,"NA","NA","NA","NA",128389,"100046.52","312915.23","1568.92","0.00","414530.67",414530.665254054
"364","HSBI",1956,21035,37456,58491,0.64,"NA","NA","NA","NA",58491,"160899.46","101284.66","1689.26","0.00","263873.39",263873.38660236
"365","HSBI",1957,113248,44216,157464,0.28,"NA","NA","NA","NA",157464,"65351.42","76642.77","1836.33","0.00","143830.52",143830.523277591
"366","HSBI",1958,125146,104961,230107,0.46,"0.43","0.57","0.00","0.00",230107,"9732.97","21039.48","543.47","0.00","31315.92",31315.9158821714
"367","HSBI",1959,259231,225401,484632,0.47,"0.33","0.65","0.02","0.00",484632,"88055.20","68694.69","539.04","0.00","157288.93",157288.926033797
"368","HSBI",1960,85842,82363,168205,0.49,"0.39","0.60","0.01","0.00",168205,"37067.84","59257.17","756.76","0.00","97081.77",97081.772808593
"369","HSBI",1961,50758,37307,88065,0.42,"0.11","0.87","0.02","0.00",88065,"17743.78","19827.91","731.56","0.00","38303.25",38303.235107275
"370","HSBI",1962,80825,30106,110931,0.27,"0.79","0.19","0.02","0.00",110931,"11442.33","40907.39","1133.24","0.00","53482.97",53482.1350765527
"371","HSBI",1963,68693,37613,106306,0.35,"0.35","0.65","0.01","0.00",106306,"7647.05","30096.54","1305.17","0.00","39048.76",39048.607716521
"372","HSBI",1964,61283,16257,77540,0.21,"0.23","0.76","0.01","0.00",77540,"52397.22","213971.58","6540.52","0.00","272909.32",272910.182857683
"373","HSBI",1965,25911,6116,32027,0.19,"0.36","0.62","0.02","0.00",32027,"43424.25","90398.49","3020.92","0.00","136843.66",136844.330777824
"374","HSBI",1966,43443,5843,49285,0.12,"0.16","0.83","0.01","0.00",49286,"81196.99","291948.78","8717.60","0.00","381863.38",381863.833546055
"375","HSBI",1967,64552,19075,83627,0.23,"0.63","0.36","0.01","0.00",83627,"27499.30","38251.52","15675.48","0.00","81426.30",81426.3221176521
"376","HSBI",1968,179700,79001,258702,0.31,"0.17","0.83","0.01","0.00",258701,"33347.88","773576.52","146005.28","940.97","953870.65",953871.560038138
"377","HSBI",1969,111330,66806,178137,0.38,"0.46","0.51","0.04","0.00",178136,"60669.00","711484.52","69519.35","0.00","841672.87",841672.938558838
"378","HSBI",1970,184335,138134,322469,0.43,"0.09","0.91","0.01","0.00",322469,"23229.20","145562.76","5131.77","0.00","173923.72",173923.724939218
"379","HSBI",1971,61303,19014,80317,0.24,"0.42","0.48","0.11","0.00",80317,"56664.93","62397.71","5302.77","0.00","124365.41",124365.391059893
"380","HSBI",1972,467906,382015,849922,0.45,"0.07","0.91","0.02","0.00",849921,"87001.52","306860.41","5044.34","0.00","398906.27",398905.437320974
"381","HSBI",1973,364729,515990,880719,0.59,"0.03","0.81","0.17","0.00",880719,"54281.81","169122.84","6996.86","0.00","230401.51",230401.343073446
"382","HSBI",1974,205121,67567,272688,0.25,"0.21","0.53","0.25","0.00",272688,"53321.82","283373.16","10221.19","0.00","346916.17",346915.16908809
"383","HSBI",1975,99892,54639,154531,0.35,"0.56","0.40","0.03","0.00",154531,"48291.98","28578.44","3679.06","0.00","80549.48",80548.8723210238
"384","HSBI",1976,178105,188340,366444,0.51,"0.15","0.84","0.01","0.00",366445,"22158.36","355661.07","14678.54","0.00","392497.97",392497.603102254
"385","HSBI",1977,199222,28267,227489,0.12,"0.23","0.74","0.02","0.00",227489,"141701.87","173882.49","26909.66","73.97","342567.99",342568.066722542
"386","HSBI",1978,186322,152340,338661,0.45,"0.14","0.84","0.02","0.00",338662,"30387.97","242154.02","42867.13","408.89","315818.01",315818.469731409
"387","HSBI",1979,54096,6862,60957,0.11,"0.36","0.47","0.17","0.00",60958,"64902.32","90650.46","10493.67","0.00","166046.45",166046.080336637
"388","HSBI",1980,338679,162363,501042,0.32,"0.28","0.71","0.01","0.00",501042,"28427.45","106216.25","16655.64","0.00","151299.34",151299.137006967
"389","HSBI",1981,204347,14602,218949,0.07,"0.14","0.79","0.07","0.00",218949,"113518.20","424648.83","41221.80","30.43","579419.26",579418.65238868
"390","HSBI",1982,196918,137048,333967,0.41,"0.19","0.73","0.08","0.00",333966,"260092.53","373504.46","19232.23","1152.57","653981.79",653981.4202088
"391","HSBI",1983,149391,12628,162018,0.08,"0.18","0.56","0.26","0.00",162019,"52321.74","110336.72","44803.23","598.39","208060.08",208060.084277952
"392","HSBI",1984,212594,18043,230637,0.08,"0.49","0.46","0.05","0.00",230637,"15558.62","258003.16","37037.52","191.76","310791.05",310791.0526978
"393","HSBI",1985,446517,254880,701396,0.36,"0.37","0.61","0.02","0.00",701397,"22010.38","98499.12","15252.85","388.69","136151.04",136151.044256895
"394","HSBI",1986,287483,179565,467048,0.38,"0.11","0.80","0.09","0.00",467048,"18870.97","236134.03","107425.07","1713.91","364143.98",364144.394954109
"395","HSBI",1987,114715,30443,145158,0.21,"0.11","0.76","0.13","0.00",145158,"2921.36","119543.76","36848.59","1293.90","160607.61",160608.062760129
"396","HSBI",1988,136221,188804,325025,0.58,"0.07","0.79","0.14","0.00",325025,"34261.48","397341.10","68010.31","5054.22","504667.11",504667.245444522
"397","HSBI",1989,85568,69438,155006,0.45,"0.12","0.64","0.24","0.00",155006,"16918.40","189180.59","140473.93","2448.20","349021.12",349021.103156945
"398","HSBI",1990,131092,123408,254500,0.48,"0.01","0.93","0.06","0.00",254500,"12040.20","357334.67","40331.62","1773.73","411480.21",411480.000234355
"399","HSBI",1991,166509,95110,261620,0.36,"0.13","0.46","0.41","0.00",261619,"54551.18","110487.19","21781.32","266.00","187085.68",187085.109406003
"400","HSBI",1992,203277,249545,452822,0.55,"0.04","0.88","0.08","0.00",452822,"38851.00","175420.55","17221.46","147.30","231640.31",231640.105495947
"401","HSBI",1993,145280,125245,270525,0.46,"0.04","0.70","0.25","0.00",270525,"61467.40","303016.37","9264.16","171.91","373919.84",373919.836456746
"402","HSBI",1994,303984,253430,557414,0.45,"0.10","0.64","0.25","0.01",557414,"50523.42","157676.42","17507.06","1912.51","227619.42",227619.215278592
"403","HSBI",1995,132126,59992,192117,0.31,"0.20","0.58","0.21","0.01",192118,"23339.12","58317.04","23658.86","0.00","105315.02",105314.349959661
"404","HSBI",1996,201506,58937,260443,0.23,"0.24","0.67","0.08","0.01",260443,"10947.99","335667.24","20321.39","0.00","366936.62",366936.496524066
"405","HSBI",1997,281260,89828,371088,0.24,"0.14","0.82","0.05","0.00",371088,"39647.40","476384.90","106450.17","1222.37","623704.83",623704.961268064
"406","HSBI",1998,108293,82134,190427,0.43,"0.12","0.83","0.05","0.00",190427,"196856.71","572205.76","41702.05","5140.15","815904.66",815905.383899046
"407","HSBI",1999,67294,19650,86943,0.23,"0.13","0.67","0.20","0.00",86944,"168771.07","782235.30","401195.72","7460.12","1359662.21",1359663.25699944
"408","HSBI",2000,325100,75786,400886,0.19,"0.10","0.84","0.06","0.00",400886,"95317.28","1052439.47","67410.94","0.00","1215167.70",1215167.80299386
"409","HSBI",2001,557029,136534,693563,0.2,"0.28","0.69","0.03","0.00",693563,"283734.81","402512.38","3544.45","0.00","689791.64",689791.638190178
"410","HSBI",2002,578131,269296,847428,0.32,"0.20","0.68","0.13","0.00",847427,"71725.56","68468.40","81549.15","691.73","222434.84",222434.840974967
"411","HSBI",2003,664620,255857,920478,0.28,"0.10","0.85","0.05","0.00",920477,"14437.15","733942.36","81114.49","2319.83","831813.83",831813.831843742
"412","HSBI",2004,1253492,483878,1737370,0.28,"0.16","0.61","0.23","0.00",1737370,"34336.48","275460.37","48833.06","0.00","358629.92",358629.919672064
"413","HSBI",2005,312020,237089,549109,0.43,"0.13","0.73","0.12","0.01",549109,"233265.41","846866.08","55293.37","244.40","1135669.26",1135669.25903234
"414","HSBI",2006,48221,38229,86450,0.44,"0.17","0.79","0.04","0.00",86450,"34835.03","148025.87","5749.06","0.00","188609.96",188609.978176208
"415","HSBI",2007,667828,182000,849828,0.21,"0.04","0.86","0.10","0.00",849828,"59886.76","315011.67","302938.97","NA","NA",NA
"416","HSBI",2008,488725,101807,590532,0.17,"0.40","0.47","0.14","0.00",590532,"5791.86","445927.99","NA","NA","NA",NA
"417","HSBI",2009,758515,174339,932854,0.19,"0.04","0.91","0.05","0.00",932854,"140472.58","NA","NA","NA","NA",NA
"418","HSBI",2010,246296,16910,263206,0.06,"0.23","0.56","0.21","0.00",263206,"0.00","NA","NA","NA","NA",NA
"419","HSBI",2011,249421,77376,326798,0.24,"0.02","0.96","0.02","0.00",326797,"0.00","NA","NA","NA","NA",NA
"420","HSBI",2012,994397,181209,1175606,0.15,"0.12","0.38","0.26","0.00",1175606,"0.00","NA","NA","NA","NA",NA
